station_id,city_name,date,season,avg_temp_c,min_temp_c,max_temp_c,precipitation_mm,avg_wind_dir_deg,avg_wind_speed_kmh,avg_sea_level_pres_hpa
13588,Skopje,2021-01-01,Winter,5.1,0.5,13.2,0.0,330.0,5.9,1021.2
13588,Skopje,2021-01-02,Winter,3.0,-2.6,11.2,0.0,330.0,5.9,1021.2
13588,Skopje,2021-01-03,Winter,6.8,3.5,12.5,1.3,339.0,8.0,1017.8
13588,Skopje,2021-01-04,Winter,6.6,6.1,7.2,3.6,298.0,5.3,1011.3
13588,Skopje,2021-01-05,Winter,4.3,2.3,6.7,4.6,11.0,5.1,1014.5
13588,Skopje,2021-01-06,Winter,6.2,2.6,11.0,0.0,18.0,6.7,1017.2
13588,Skopje,2021-01-07,Winter,7.3,4.1,9.3,0.5,0.0,4.5,1015.2
13588,Skopje,2021-01-08,Winter,5.7,4.2,8.1,7.9,346.0,6.5,1009.7
13588,Skopje,2021-01-09,Winter,2.9,1.5,5.4,8.1,300.0,5.9,1016.8
13588,Skopje,2021-01-10,Winter,2.2,1.3,3.1,6.1,354.0,4.7,1017.1
13588,Skopje,2021-01-11,Winter,3.3,2.1,5.0,26.2,338.0,6.7,1014.2
13588,Skopje,2021-01-12,Winter,2.4,-1.3,5.6,0.8,293.0,5.8,1013.5
13588,Skopje,2021-01-13,Winter,2.1,-1.1,7.6,0.0,294.0,6.0,1012.5
13588,Skopje,2021-01-14,Winter,-1.1,-4.0,0.7,0.0,224.0,6.3,1013.2
13588,Skopje,2021-01-15,Winter,-2.6,-6.7,2.3,0.0,233.0,5.5,1017.4
13588,Skopje,2021-01-16,Winter,-1.6,-6.2,1.4,0.0,290.0,7.7,1018.0
13588,Skopje,2021-01-17,Winter,-1.9,-7.1,2.0,0.4,207.0,4.6,1018.6
13588,Skopje,2021-01-18,Winter,-2.5,-4.5,2.1,0.0,258.0,4.4,1023.7
13588,Skopje,2021-01-19,Winter,-3.3,-8.5,3.7,0.0,261.0,4.8,1027.3
13588,Skopje,2021-01-20,Winter,-1.6,-7.4,5.3,0.0,24.0,5.9,1027.5
13588,Skopje,2021-01-21,Winter,1.7,-4.6,8.0,0.0,11.0,7.2,1025.7
13588,Skopje,2021-01-22,Winter,3.0,-1.6,8.4,0.0,15.0,7.0,1020.4
13588,Skopje,2021-01-23,Winter,6.7,3.5,10.8,0.0,7.0,7.6,1010.5
13588,Skopje,2021-01-24,Winter,5.3,0.6,9.7,1.3,44.0,7.2,1004.9
13588,Skopje,2021-01-25,Winter,8.8,3.9,13.3,6.6,304.0,8.3,1003.3
13588,Skopje,2021-01-26,Winter,3.6,0.5,10.7,0.3,315.0,11.1,1007.4
13588,Skopje,2021-01-27,Winter,1.2,-1.0,4.2,3.3,284.0,12.5,1012.8
13588,Skopje,2021-01-28,Winter,0.4,-11.7,6.4,0.0,254.0,5.1,1015.2
13588,Skopje,2021-01-29,Winter,2.9,-2.8,9.4,0.0,43.0,6.5,1010.2
13588,Skopje,2021-01-30,Winter,7.2,2.4,15.5,6.1,295.0,7.8,1003.5
13588,Skopje,2021-01-31,Winter,5.6,1.4,11.1,0.3,30.0,7.3,1003.3
13588,Skopje,2021-02-01,Winter,6.9,2.5,11.8,7.1,336.0,6.6,1002.7
13588,Skopje,2021-02-02,Winter,8.0,3.8,14.3,7.9,295.0,4.5,1012.1
13588,Skopje,2021-02-03,Winter,7.6,1.6,15.6,0.0,324.0,5.0,1017.5
13588,Skopje,2021-02-04,Winter,7.9,1.0,17.3,0.0,350.0,4.1,1018.4
13588,Skopje,2021-02-05,Winter,7.6,2.1,16.1,0.0,332.0,5.0,1020.3
13588,Skopje,2021-02-06,Winter,8.1,2.1,15.7,0.0,341.0,6.3,1016.9
13588,Skopje,2021-02-07,Winter,6.1,1.4,12.1,0.0,16.0,7.0,1011.6
13588,Skopje,2021-02-08,Winter,8.1,4.5,12.7,0.0,348.0,6.8,1002.5
13588,Skopje,2021-02-09,Winter,6.7,2.4,11.0,6.1,0.0,6.5,1008.4
13588,Skopje,2021-02-10,Winter,7.8,1.9,13.8,0.8,44.0,7.9,1009.7
13588,Skopje,2021-02-11,Winter,5.2,-0.7,10.2,8.9,339.0,5.8,1009.2
13588,Skopje,2021-02-12,Winter,-2.8,-6.2,2.0,0.0,169.0,3.2,1025.4
13588,Skopje,2021-02-13,Winter,-5.9,-7.6,-4.4,6.4,301.0,4.4,1030.0
13588,Skopje,2021-02-14,Winter,-6.1,-8.4,-3.1,6.1,286.0,9.7,1030.5
13588,Skopje,2021-02-15,Winter,-1.9,-6.1,2.6,0.0,281.0,8.5,1033.8
13588,Skopje,2021-02-16,Winter,2.8,-14.2,10.6,0.0,242.0,6.8,1029.6
13588,Skopje,2021-02-17,Winter,-1.9,-10.9,4.3,0.1,282.0,3.8,1024.2
13588,Skopje,2021-02-18,Winter,6.4,-1.5,12.2,0.0,262.0,8.0,1023.0
13588,Skopje,2021-02-19,Winter,4.0,-2.2,9.1,0.0,326.0,4.2,1027.1
13588,Skopje,2021-02-20,Winter,6.0,2.5,10.1,2.1,52.0,3.2,1027.2
13588,Skopje,2021-02-21,Winter,6.0,2.4,12.8,0.0,9.0,4.6,1030.8
13588,Skopje,2021-02-22,Winter,8.4,-1.4,16.4,0.0,321.0,4.6,1031.9
13588,Skopje,2021-02-23,Winter,12.1,0.3,21.2,0.0,249.0,4.9,1032.3
13588,Skopje,2021-02-24,Winter,13.1,3.5,19.4,0.0,271.0,7.0,1034.7
13588,Skopje,2021-02-25,Winter,12.5,1.2,20.5,0.0,248.0,4.7,1033.8
13588,Skopje,2021-02-26,Winter,12.9,2.8,20.6,0.0,323.0,4.3,1028.3
13588,Skopje,2021-02-27,Winter,11.4,3.2,20.7,0.0,290.0,6.5,1023.1
13588,Skopje,2021-02-28,Winter,10.1,5.0,14.6,0.0,293.0,7.9,1030.8
13588,Skopje,2021-03-01,Spring,8.5,0.5,15.0,0.0,292.0,7.1,1030.1
13588,Skopje,2021-03-02,Spring,4.9,-2.1,12.1,0.0,285.0,5.5,1033.7
13588,Skopje,2021-03-03,Spring,14.3,-1.9,19.6,0.0,259.0,5.1,1031.3
13588,Skopje,2021-03-04,Spring,6.9,1.8,13.1,0.0,346.0,5.1,1023.6
13588,Skopje,2021-03-05,Spring,7.7,3.1,13.4,0.0,339.0,4.0,1017.9
13588,Skopje,2021-03-06,Spring,3.7,-0.9,6.5,0.7,300.0,5.9,1025.8
13588,Skopje,2021-03-07,Spring,1.2,-4.8,6.9,0.0,320.0,5.7,1027.0
13588,Skopje,2021-03-08,Spring,3.3,-0.9,10.1,0.0,333.0,4.7,1018.8
13588,Skopje,2021-03-09,Spring,3.9,0.9,7.8,0.0,301.0,5.0,1017.4
13588,Skopje,2021-03-10,Spring,3.3,1.2,5.8,8.0,301.0,6.0,1014.2
13588,Skopje,2021-03-11,Spring,3.5,-0.1,8.2,0.1,287.0,6.6,1021.6
13588,Skopje,2021-03-12,Spring,4.2,-2.0,10.5,0.0,15.0,6.7,1019.9
13588,Skopje,2021-03-13,Spring,6.5,0.8,12.6,0.0,18.0,6.2,1016.7
13588,Skopje,2021-03-14,Spring,8.4,4.0,14.6,0.1,2.0,6.0,1011.0
13588,Skopje,2021-03-15,Spring,6.8,3.3,10.0,4.2,336.0,8.9,1002.0
13588,Skopje,2021-03-16,Spring,6.6,4.5,9.2,0.0,280.0,13.8,1005.5
13588,Skopje,2021-03-17,Spring,6.8,4.4,10.8,0.0,293.0,13.5,1009.8
13588,Skopje,2021-03-18,Spring,4.3,-2.5,9.3,0.5,293.0,5.3,1013.5
13588,Skopje,2021-03-19,Spring,5.1,1.8,11.8,0.0,305.0,3.8,1014.4
13588,Skopje,2021-03-20,Spring,2.6,1.2,5.1,7.2,99.0,2.2,1016.8
13588,Skopje,2021-03-21,Spring,0.9,-0.1,3.6,7.9,137.0,2.4,1011.8
13588,Skopje,2021-03-22,Spring,0.3,-0.9,2.7,28.2,272.0,5.1,1005.6
13588,Skopje,2021-03-23,Spring,2.6,-0.5,6.8,0.0,290.0,11.3,1015.0
13588,Skopje,2021-03-24,Spring,3.9,-2.1,8.8,0.0,295.0,11.2,1017.5
13588,Skopje,2021-03-25,Spring,3.6,-4.4,10.1,0.0,288.0,7.6,1022.1
13588,Skopje,2021-03-26,Spring,5.1,-0.9,13.9,0.0,252.0,6.1,1025.9
13588,Skopje,2021-03-27,Spring,7.7,-1.1,18.3,0.0,330.0,5.5,1027.7
13588,Skopje,2021-03-28,Spring,12.1,2.4,21.1,0.0,307.5,6.05,1029.65
13588,Skopje,2021-03-29,Spring,10.5,5.9,18.4,0.3,285.0,6.6,1031.6
13588,Skopje,2021-03-30,Spring,12.3,8.1,18.3,0.0,301.0,8.1,1028.8
13588,Skopje,2021-03-31,Spring,11.8,5.6,19.5,0.0,275.0,6.1,1025.0
13588,Skopje,2021-04-01,Spring,15.3,8.6,22.7,0.0,256.0,6.7,1018.5
13588,Skopje,2021-04-02,Spring,13.1,5.1,22.1,0.0,2.0,4.3,1014.5
13588,Skopje,2021-04-03,Spring,14.6,7.8,21.4,0.0,326.0,7.2,1011.2
13588,Skopje,2021-04-04,Spring,5.4,3.1,7.8,5.6,277.0,6.7,1015.6
13588,Skopje,2021-04-05,Spring,9.3,-2.5,13.6,0.0,276.0,5.5,1015.5
13588,Skopje,2021-04-06,Spring,10.2,1.2,18.2,0.0,21.0,7.3,1005.3
13588,Skopje,2021-04-07,Spring,3.9,1.3,9.3,1.3,342.0,8.3,1008.1
13588,Skopje,2021-04-08,Spring,4.5,1.1,10.1,1.3,310.0,8.8,1022.9
13588,Skopje,2021-04-09,Spring,4.9,-2.9,14.2,0.0,264.0,4.6,1029.0
13588,Skopje,2021-04-10,Spring,8.7,-0.7,18.7,0.0,219.0,4.9,1025.7
13588,Skopje,2021-04-11,Spring,11.6,2.0,20.7,0.0,81.0,4.5,1023.6
13588,Skopje,2021-04-12,Spring,13.9,7.1,23.1,0.0,44.0,6.1,1021.1
13588,Skopje,2021-04-13,Spring,13.7,10.6,20.0,0.0,45.0,5.3,1016.1
13588,Skopje,2021-04-14,Spring,9.3,5.8,14.4,0.8,350.0,8.3,1015.7
13588,Skopje,2021-04-15,Spring,7.4,3.0,13.8,0.0,333.0,4.7,1019.8
13588,Skopje,2021-04-16,Spring,9.5,3.8,14.5,0.0,190.0,6.5,1020.0
13588,Skopje,2021-04-17,Spring,6.3,5.3,7.7,0.3,332.0,3.8,1016.5
13588,Skopje,2021-04-18,Spring,8.9,5.1,15.1,2.8,348.0,5.7,1013.7
13588,Skopje,2021-04-19,Spring,7.7,5.7,12.3,11.9,294.0,5.5,1012.8
13588,Skopje,2021-04-20,Spring,10.3,5.9,17.1,3.6,223.0,5.0,1014.2
13588,Skopje,2021-04-21,Spring,10.5,2.5,19.4,0.0,212.0,3.6,1018.5
13588,Skopje,2021-04-22,Spring,10.9,3.8,19.6,0.0,303.0,6.5,1020.6
13588,Skopje,2021-04-23,Spring,10.6,9.1,13.7,2.0,300.0,3.9,1021.8
13588,Skopje,2021-04-24,Spring,12.4,9.7,16.1,5.1,248.0,5.9,1021.7
13588,Skopje,2021-04-25,Spring,14.0,6.4,22.7,0.0,253.0,5.3,1017.4
13588,Skopje,2021-04-26,Spring,14.7,5.5,24.1,0.0,56.0,5.9,1015.9
13588,Skopje,2021-04-27,Spring,17.8,8.5,22.7,1.1,62.0,7.0,1011.2
13588,Skopje,2021-04-28,Spring,16.1,8.3,24.7,0.0,41.0,4.9,1010.3
13588,Skopje,2021-04-29,Spring,18.6,8.0,27.1,2.8,40.0,5.7,1012.2
13588,Skopje,2021-04-30,Spring,21.3,13.4,29.4,0.0,70.0,6.1,1013.7
13588,Skopje,2021-05-01,Spring,18.1,13.3,25.1,0.0,17.0,6.3,1013.6
13588,Skopje,2021-05-02,Spring,23.4,13.6,31.6,0.0,310.0,9.8,1010.7
13588,Skopje,2021-05-03,Spring,18.8,12.8,26.0,0.0,248.0,6.8,1015.1
13588,Skopje,2021-05-04,Spring,17.8,8.7,25.1,0.0,231.0,5.8,1016.5
13588,Skopje,2021-05-05,Spring,18.4,13.4,24.1,0.0,283.0,6.2,1010.9
13588,Skopje,2021-05-06,Spring,19.7,10.4,25.8,0.0,157.0,6.5,1013.1
13588,Skopje,2021-05-07,Spring,15.7,9.9,24.2,0.0,301.0,6.3,1012.2
13588,Skopje,2021-05-08,Spring,15.2,10.7,20.9,0.0,330.0,9.0,1017.0
13588,Skopje,2021-05-09,Spring,14.3,5.9,23.1,0.0,82.0,6.2,1022.9
13588,Skopje,2021-05-10,Spring,17.4,9.1,26.2,0.0,68.0,7.1,1020.7
13588,Skopje,2021-05-11,Spring,20.7,10.8,28.7,0.0,79.0,7.0,1014.7
13588,Skopje,2021-05-12,Spring,17.9,12.8,26.5,0.0,41.0,6.4,1008.6
13588,Skopje,2021-05-13,Spring,16.9,8.1,23.0,0.0,268.0,7.4,1007.4
13588,Skopje,2021-05-14,Spring,17.5,11.7,23.7,0.0,273.0,8.5,1010.6
13588,Skopje,2021-05-15,Spring,14.6,10.4,19.2,1.0,320.0,4.1,1010.9
13588,Skopje,2021-05-16,Spring,16.9,8.6,25.6,0.0,257.0,4.5,1009.4
13588,Skopje,2021-05-17,Spring,19.2,12.3,25.0,0.0,267.0,6.7,1007.7
13588,Skopje,2021-05-18,Spring,18.6,14.2,24.7,0.0,270.0,6.5,1010.8
13588,Skopje,2021-05-19,Spring,19.2,8.3,27.1,0.0,257.0,7.8,1010.4
13588,Skopje,2021-05-20,Spring,16.4,8.6,19.9,0.0,283.0,7.3,1009.4
13588,Skopje,2021-05-21,Spring,16.2,10.6,22.6,4.1,279.0,10.1,1017.5
13588,Skopje,2021-05-22,Spring,18.4,7.2,27.2,0.0,174.0,5.3,1017.8
13588,Skopje,2021-05-23,Spring,21.7,10.6,30.6,0.0,132.0,5.5,1016.7
13588,Skopje,2021-05-24,Spring,23.2,13.6,31.9,0.0,169.0,5.2,1019.2
13588,Skopje,2021-05-25,Spring,24.3,17.1,32.2,0.0,58.0,9.0,1016.3
13588,Skopje,2021-05-26,Spring,21.4,15.4,28.2,0.0,306.0,6.2,1015.4
13588,Skopje,2021-05-27,Spring,21.7,15.8,28.8,0.0,258.0,5.3,1012.4
13588,Skopje,2021-05-28,Spring,18.1,13.4,22.6,9.7,310.0,7.5,1014.4
13588,Skopje,2021-05-29,Spring,20.8,10.6,25.2,0.0,299.0,5.6,1016.2
13588,Skopje,2021-05-30,Spring,14.7,11.8,20.1,0.0,310.0,4.5,1016.3
13588,Skopje,2021-05-31,Spring,16.4,10.7,22.2,0.4,321.0,6.2,1014.9
13588,Skopje,2021-06-01,Summer,15.5,6.1,19.5,0.0,307.0,8.2,1015.2
13588,Skopje,2021-06-02,Summer,19.3,9.1,24.6,0.0,284.0,6.8,1018.9
13588,Skopje,2021-06-03,Summer,18.9,8.9,25.2,0.0,296.0,8.4,1021.8
13588,Skopje,2021-06-04,Summer,19.5,11.4,27.1,0.0,303.0,6.4,1023.3
13588,Skopje,2021-06-05,Summer,20.8,11.6,30.4,0.0,203.0,5.2,1020.4
13588,Skopje,2021-06-06,Summer,20.3,13.5,30.6,0.0,268.0,5.9,1016.6
13588,Skopje,2021-06-07,Summer,19.4,14.0,24.7,7.1,271.0,3.6,1016.4
13588,Skopje,2021-06-08,Summer,21.9,16.4,28.0,0.8,283.0,9.6,1014.8
13588,Skopje,2021-06-09,Summer,22.7,12.9,30.0,0.0,242.0,5.1,1013.6
13588,Skopje,2021-06-10,Summer,20.6,14.9,26.0,11.2,261.0,6.4,1013.7
13588,Skopje,2021-06-11,Summer,19.9,13.8,26.8,0.0,265.0,6.0,1014.3
13588,Skopje,2021-06-12,Summer,20.7,14.5,27.0,5.1,291.0,7.3,1015.6
13588,Skopje,2021-06-13,Summer,19.6,12.3,27.8,0.0,285.0,8.4,1015.8
13588,Skopje,2021-06-14,Summer,17.3,13.4,21.7,0.0,319.0,11.2,1016.2
13588,Skopje,2021-06-15,Summer,18.3,12.7,23.7,0.0,310.0,9.9,1016.2
13588,Skopje,2021-06-16,Summer,23.4,16.1,27.2,0.0,316.0,7.8,1014.8
13588,Skopje,2021-06-17,Summer,23.4,16.1,31.3,0.0,247.0,5.7,1017.0
13588,Skopje,2021-06-18,Summer,21.8,15.7,31.1,2.0,298.0,6.1,1016.0
13588,Skopje,2021-06-19,Summer,22.7,18.7,29.4,0.0,292.0,6.1,1013.7
13588,Skopje,2021-06-20,Summer,24.3,16.6,32.1,0.0,305.0,5.7,1012.2
13588,Skopje,2021-06-21,Summer,24.8,18.2,30.6,0.0,8.0,3.2,1011.6
13588,Skopje,2021-06-22,Summer,30.8,18.1,36.0,0.5,83.0,4.8,1011.9
13588,Skopje,2021-06-23,Summer,29.2,19.8,39.3,0.0,234.0,5.8,1014.6
13588,Skopje,2021-06-24,Summer,32.5,21.3,39.6,0.0,293.0,5.2,1016.3
13588,Skopje,2021-06-25,Summer,30.5,21.9,39.7,0.0,261.0,5.4,1014.4
13588,Skopje,2021-06-26,Summer,28.3,20.4,38.9,0.0,282.0,7.1,1012.5
13588,Skopje,2021-06-27,Summer,25.2,18.7,35.1,0.0,274.0,4.9,1014.2
13588,Skopje,2021-06-28,Summer,28.6,19.0,36.5,0.0,221.0,4.4,1015.6
13588,Skopje,2021-06-29,Summer,29.2,19.5,38.5,0.0,132.0,4.5,1013.8
13588,Skopje,2021-06-30,Summer,29.4,20.6,39.4,0.0,6.0,6.0,1011.8
13588,Skopje,2021-07-01,Summer,31.2,20.8,39.0,0.0,338.0,7.5,1009.1
13588,Skopje,2021-07-02,Summer,24.7,19.5,29.1,0.0,313.0,7.3,1011.3
13588,Skopje,2021-07-03,Summer,23.7,18.5,28.0,2.0,312.0,7.0,1013.2
13588,Skopje,2021-07-04,Summer,26.2,14.5,31.2,0.0,281.0,5.7,1012.3
13588,Skopje,2021-07-05,Summer,25.3,17.4,32.6,0.5,324.0,4.6,1009.2
13588,Skopje,2021-07-06,Summer,28.8,18.1,33.9,0.0,306.0,7.7,1011.9
13588,Skopje,2021-07-07,Summer,28.2,19.5,37.2,0.0,242.0,7.1,1014.1
13588,Skopje,2021-07-08,Summer,29.5,20.1,38.0,0.0,213.0,6.5,1016.8
13588,Skopje,2021-07-09,Summer,29.9,21.5,38.1,0.0,57.0,4.6,1016.1
13588,Skopje,2021-07-10,Summer,25.9,21.5,33.3,4.3,348.0,5.5,1013.9
13588,Skopje,2021-07-11,Summer,24.8,18.6,33.3,13.7,281.0,5.9,1012.6
13588,Skopje,2021-07-12,Summer,25.7,21.1,33.7,0.0,246.0,4.6,1012.9
13588,Skopje,2021-07-13,Summer,28.1,19.9,37.1,0.0,179.0,4.4,1012.1
13588,Skopje,2021-07-14,Summer,31.2,21.1,38.6,0.0,71.0,4.8,1011.3
13588,Skopje,2021-07-15,Summer,30.3,22.7,36.8,0.0,62.0,6.4,1009.6
13588,Skopje,2021-07-16,Summer,27.4,21.8,37.3,0.0,250.0,6.4,1008.1
13588,Skopje,2021-07-17,Summer,23.6,19.1,31.4,3.3,254.0,7.0,1006.7
13588,Skopje,2021-07-18,Summer,22.7,19.9,27.5,8.1,275.0,4.2,1006.0
13588,Skopje,2021-07-19,Summer,22.4,18.1,27.4,3.1,268.0,4.4,1007.4
13588,Skopje,2021-07-20,Summer,24.2,19.4,31.2,5.1,302.0,6.9,1010.8
13588,Skopje,2021-07-21,Summer,23.6,17.0,31.1,0.0,309.0,8.4,1016.2
13588,Skopje,2021-07-22,Summer,23.9,14.8,29.9,0.0,300.0,8.3,1017.3
13588,Skopje,2021-07-23,Summer,25.1,16.9,31.5,0.0,280.0,5.9,1015.1
13588,Skopje,2021-07-24,Summer,25.5,17.1,31.5,0.0,290.0,5.9,1014.6
13588,Skopje,2021-07-25,Summer,25.5,16.0,34.1,0.0,236.0,4.3,1015.4
13588,Skopje,2021-07-26,Summer,27.1,19.0,38.0,0.0,309.0,5.2,1016.6
13588,Skopje,2021-07-27,Summer,27.9,21.3,39.1,0.0,288.0,4.8,1017.4
13588,Skopje,2021-07-28,Summer,27.2,21.1,40.9,0.0,279.0,5.6,1016.6
13588,Skopje,2021-07-29,Summer,29.6,20.3,40.3,5.6,273.0,6.1,1013.3
13588,Skopje,2021-07-30,Summer,28.7,20.2,41.2,0.0,285.0,6.5,1010.3
13588,Skopje,2021-07-31,Summer,30.3,20.6,39.2,0.0,273.0,7.3,1009.1
13588,Skopje,2021-08-01,Summer,30.4,21.8,40.9,0.0,311.0,5.6,1010.7
13588,Skopje,2021-08-02,Summer,29.8,21.4,40.7,0.0,272.0,10.3,1010.1
13588,Skopje,2021-08-03,Summer,28.6,20.5,38.9,0.0,261.0,6.3,1013.6
13588,Skopje,2021-08-04,Summer,29.6,20.1,39.2,0.0,285.0,6.4,1013.1
13588,Skopje,2021-08-05,Summer,28.3,21.3,40.6,0.0,285.0,9.2,1008.3
13588,Skopje,2021-08-06,Summer,27.7,21.0,32.3,0.5,313.0,8.9,1006.0
13588,Skopje,2021-08-07,Summer,25.6,16.7,33.5,0.0,247.0,5.4,1011.6
13588,Skopje,2021-08-08,Summer,30.2,18.0,38.3,0.0,341.0,4.5,1014.1
13588,Skopje,2021-08-09,Summer,29.3,19.5,39.8,0.0,280.0,5.5,1016.7
13588,Skopje,2021-08-10,Summer,30.5,20.5,39.8,0.0,279.0,5.8,1015.7
13588,Skopje,2021-08-11,Summer,27.7,22.3,38.4,0.0,269.0,6.0,1014.7
13588,Skopje,2021-08-12,Summer,26.9,19.8,36.6,0.0,279.0,7.0,1017.6
13588,Skopje,2021-08-13,Summer,26.8,20.7,35.3,0.0,295.0,7.1,1020.5
13588,Skopje,2021-08-14,Summer,27.6,19.5,36.0,0.0,258.0,6.2,1019.9
13588,Skopje,2021-08-15,Summer,27.6,18.9,36.0,0.0,241.0,6.1,1016.6
13588,Skopje,2021-08-16,Summer,27.9,18.0,38.0,0.0,232.0,4.9,1013.3
13588,Skopje,2021-08-17,Summer,25.3,20.0,39.2,0.0,350.0,6.0,1010.8
13588,Skopje,2021-08-18,Summer,22.4,18.1,30.6,11.9,306.0,8.5,1011.9
13588,Skopje,2021-08-19,Summer,23.6,16.9,30.6,0.0,276.0,5.9,1013.8
13588,Skopje,2021-08-20,Summer,25.1,17.3,32.6,0.0,321.0,4.9,1014.2
13588,Skopje,2021-08-21,Summer,21.0,16.8,28.2,0.0,262.0,5.5,1016.9
13588,Skopje,2021-08-22,Summer,25.6,15.2,32.4,0.0,259.0,5.7,1017.3
13588,Skopje,2021-08-23,Summer,24.5,15.7,33.3,0.0,60.0,4.8,1014.9
13588,Skopje,2021-08-24,Summer,24.6,17.3,33.6,0.0,261.0,5.7,1013.2
13588,Skopje,2021-08-25,Summer,23.2,17.6,32.0,0.2,354.0,5.8,1012.5
13588,Skopje,2021-08-26,Summer,19.3,17.2,24.5,0.0,34.0,3.6,1011.9
13588,Skopje,2021-08-27,Summer,21.5,17.2,29.2,11.7,300.0,4.7,1009.5
13588,Skopje,2021-08-28,Summer,22.0,13.9,30.9,0.0,290.0,5.8,1010.0
13588,Skopje,2021-08-29,Summer,21.8,16.9,29.1,0.0,270.0,6.0,1007.8
13588,Skopje,2021-08-30,Summer,20.4,13.7,28.5,0.0,299.0,4.8,1012.4
13588,Skopje,2021-08-31,Summer,20.9,13.1,30.5,0.0,277.0,5.0,1014.8
13588,Skopje,2021-09-01,Autumn,20.9,13.1,28.0,0.0,305.0,8.1,1016.9
13588,Skopje,2021-09-02,Autumn,20.7,12.3,25.7,0.0,316.0,9.0,1021.1
13588,Skopje,2021-09-03,Autumn,19.1,12.4,26.8,0.0,230.0,5.1,1020.2
13588,Skopje,2021-09-04,Autumn,21.7,12.2,29.1,0.0,239.0,4.7,1015.9
13588,Skopje,2021-09-05,Autumn,21.4,14.1,26.9,0.0,250.0,5.2,1016.3
13588,Skopje,2021-09-06,Autumn,20.3,14.3,28.9,0.3,52.0,3.7,1020.9
13588,Skopje,2021-09-07,Autumn,19.9,12.0,27.9,0.0,157.0,6.2,1022.2
13588,Skopje,2021-09-08,Autumn,18.9,14.4,23.3,0.0,256.0,4.5,1021.2
13588,Skopje,2021-09-09,Autumn,19.8,15.0,25.4,0.8,263.0,4.0,1019.0
13588,Skopje,2021-09-10,Autumn,20.7,13.6,28.9,0.0,242.0,4.3,1017.8
13588,Skopje,2021-09-11,Autumn,19.7,12.3,30.4,0.0,249.0,4.6,1016.1
13588,Skopje,2021-09-12,Autumn,20.2,12.9,29.8,0.0,263.0,5.8,1014.3
13588,Skopje,2021-09-13,Autumn,23.6,15.0,31.7,0.0,269.0,5.6,1014.7
13588,Skopje,2021-09-14,Autumn,24.4,15.8,31.7,0.0,247.0,6.2,1016.7
13588,Skopje,2021-09-15,Autumn,23.6,14.8,32.4,0.0,255.0,6.4,1017.5
13588,Skopje,2021-09-16,Autumn,21.3,14.0,31.8,0.0,245.0,4.4,1017.7
13588,Skopje,2021-09-17,Autumn,23.6,18.2,29.1,0.0,278.0,5.7,1013.2
13588,Skopje,2021-09-18,Autumn,20.7,18.2,24.4,0.0,81.0,4.5,1012.2
13588,Skopje,2021-09-19,Autumn,20.4,13.9,27.6,0.0,356.0,4.9,1013.5
13588,Skopje,2021-09-20,Autumn,20.4,15.1,29.0,0.0,297.0,7.8,1012.2
13588,Skopje,2021-09-21,Autumn,15.8,12.3,23.2,0.1,287.0,5.1,1020.7
13588,Skopje,2021-09-22,Autumn,13.0,9.0,15.0,1.5,303.0,5.3,1021.5
13588,Skopje,2021-09-23,Autumn,12.9,9.0,20.4,0.0,312.0,6.2,1021.2
13588,Skopje,2021-09-24,Autumn,11.8,5.0,24.2,0.0,314.0,4.8,1019.4
13588,Skopje,2021-09-25,Autumn,18.9,7.1,28.8,0.0,257.0,4.8,1020.9
13588,Skopje,2021-09-26,Autumn,18.1,10.9,28.8,0.0,284.0,4.5,1021.0
13588,Skopje,2021-09-27,Autumn,21.3,11.8,31.6,0.0,266.0,4.5,1016.9
13588,Skopje,2021-09-28,Autumn,19.9,16.1,26.3,0.0,266.0,3.9,1017.2
13588,Skopje,2021-09-29,Autumn,18.5,13.1,23.4,7.4,79.0,4.3,1019.5
13588,Skopje,2021-09-30,Autumn,15.0,14.1,17.2,0.8,70.0,6.9,1022.5
13588,Skopje,2021-10-01,Autumn,14.4,12.5,18.9,39.4,221.0,4.0,1023.9
13588,Skopje,2021-10-02,Autumn,13.1,6.5,21.9,0.5,38.0,4.5,1022.8
13588,Skopje,2021-10-03,Autumn,12.7,6.4,22.5,0.0,356.0,4.7,1022.7
13588,Skopje,2021-10-04,Autumn,13.0,7.0,24.4,0.0,347.0,4.6,1023.4
13588,Skopje,2021-10-05,Autumn,15.6,7.4,24.4,0.0,24.0,5.1,1022.1
13588,Skopje,2021-10-06,Autumn,17.7,12.0,24.5,0.0,49.0,7.3,1020.8
13588,Skopje,2021-10-07,Autumn,11.9,11.3,13.1,2.5,70.0,11.6,1017.9
13588,Skopje,2021-10-08,Autumn,12.2,11.3,14.1,18.8,87.0,7.1,1018.6
13588,Skopje,2021-10-09,Autumn,9.0,7.5,10.3,11.9,174.0,4.0,1021.0
13588,Skopje,2021-10-10,Autumn,10.8,9.0,13.4,10.9,28.0,5.0,1020.0
13588,Skopje,2021-10-11,Autumn,11.9,9.7,14.8,20.1,32.0,6.3,1014.3
13588,Skopje,2021-10-12,Autumn,10.3,8.6,14.0,0.0,295.0,10.2,1013.1
13588,Skopje,2021-10-13,Autumn,9.8,6.3,13.8,0.0,270.0,4.2,1015.6
13588,Skopje,2021-10-14,Autumn,6.6,3.7,7.3,7.6,260.0,5.9,1020.8
13588,Skopje,2021-10-15,Autumn,7.0,5.2,9.0,0.0,261.0,6.9,1015.8
13588,Skopje,2021-10-16,Autumn,9.1,7.5,11.7,9.4,268.0,7.6,1015.7
13588,Skopje,2021-10-17,Autumn,12.0,9.4,15.8,0.0,250.0,5.0,1020.6
13588,Skopje,2021-10-18,Autumn,13.9,9.2,20.6,0.0,266.0,4.4,1023.5
13588,Skopje,2021-10-19,Autumn,14.8,5.7,19.9,0.0,261.0,4.4,1028.5
13588,Skopje,2021-10-20,Autumn,11.0,4.3,18.9,0.0,349.0,4.9,1028.2
13588,Skopje,2021-10-21,Autumn,11.4,5.6,18.5,0.0,352.0,6.4,1022.1
13588,Skopje,2021-10-22,Autumn,12.6,6.5,17.1,0.0,343.0,4.7,1020.1
13588,Skopje,2021-10-23,Autumn,11.4,9.7,17.7,0.0,325.0,5.0,1021.8
13588,Skopje,2021-10-24,Autumn,10.5,8.6,16.4,3.3,305.0,6.8,1029.4
13588,Skopje,2021-10-25,Autumn,7.7,1.5,16.9,0.0,348.0,5.9,1029.5
13588,Skopje,2021-10-26,Autumn,8.3,0.9,16.9,0.0,0.0,5.9,1025.6
13588,Skopje,2021-10-27,Autumn,8.8,0.9,18.8,0.0,268.0,4.8,1025.8
13588,Skopje,2021-10-28,Autumn,8.2,1.7,16.7,0.0,301.0,3.7,1026.4
13588,Skopje,2021-10-29,Autumn,8.5,0.9,17.1,0.0,334.0,5.0,1024.0
13588,Skopje,2021-10-30,Autumn,9.4,1.9,17.9,0.0,340.0,4.5,1023.1
13588,Skopje,2021-10-31,Autumn,9.2,1.9,16.8,0.0,323.0,4.7,1020.9
13588,Skopje,2021-11-01,Autumn,8.8,1.8,17.8,0.0,349.0,6.3,1015.7
13588,Skopje,2021-11-02,Autumn,9.9,3.1,12.8,0.0,355.0,7.0,1009.4
13588,Skopje,2021-11-03,Autumn,11.9,6.0,13.8,2.8,5.0,6.2,1015.0
13588,Skopje,2021-11-04,Autumn,13.4,9.8,19.0,0.0,14.0,7.2,1017.5
13588,Skopje,2021-11-05,Autumn,15.9,12.6,23.0,0.0,3.0,6.3,1019.0
13588,Skopje,2021-11-06,Autumn,14.6,10.7,18.9,0.1,329.0,4.3,1023.9
13588,Skopje,2021-11-07,Autumn,14.0,9.6,19.4,0.0,3.0,5.7,1022.3
13588,Skopje,2021-11-08,Autumn,13.2,8.9,17.8,0.3,311.0,5.7,1017.1
13588,Skopje,2021-11-09,Autumn,10.8,4.8,15.3,0.0,333.0,4.8,1026.0
13588,Skopje,2021-11-10,Autumn,8.1,3.3,12.1,0.0,12.0,5.7,1033.8
13588,Skopje,2021-11-11,Autumn,8.9,4.2,14.8,0.0,26.0,5.1,1028.6
13588,Skopje,2021-11-12,Autumn,7.7,2.8,13.9,0.0,342.0,4.7,1022.9
13588,Skopje,2021-11-13,Autumn,5.0,0.5,15.1,0.0,343.0,4.5,1022.2
13588,Skopje,2021-11-14,Autumn,7.8,1.6,15.0,0.0,335.0,4.8,1021.8
13588,Skopje,2021-11-15,Autumn,7.3,2.7,13.4,0.0,334.0,4.1,1023.8
13588,Skopje,2021-11-16,Autumn,9.3,7.8,11.4,0.0,349.0,4.3,1025.1
13588,Skopje,2021-11-17,Autumn,8.9,7.7,12.2,0.0,354.0,5.0,1022.8
13588,Skopje,2021-11-18,Autumn,9.1,6.3,12.2,0.0,344.0,3.4,1025.6
13588,Skopje,2021-11-19,Autumn,8.5,3.9,12.5,0.0,277.0,5.0,1027.1
13588,Skopje,2021-11-20,Autumn,9.8,5.5,15.7,0.0,267.0,5.4,1023.1
13588,Skopje,2021-11-21,Autumn,5.4,1.0,14.2,0.0,339.0,5.7,1018.6
13588,Skopje,2021-11-22,Autumn,5.6,1.6,10.8,0.0,344.0,5.1,1016.5
13588,Skopje,2021-11-23,Autumn,8.1,6.3,10.1,0.0,281.0,7.3,1020.2
13588,Skopje,2021-11-24,Autumn,8.1,4.0,9.8,0.0,325.0,4.6,1024.7
13588,Skopje,2021-11-25,Autumn,8.2,6.7,10.5,0.0,27.0,6.2,1020.5
13588,Skopje,2021-11-26,Autumn,6.8,4.3,7.7,0.0,48.0,8.4,1008.5
13588,Skopje,2021-11-27,Autumn,10.1,4.8,15.9,1.1,22.0,7.2,1004.9
13588,Skopje,2021-11-28,Autumn,8.9,5.6,15.9,0.0,29.0,7.3,1002.0
13588,Skopje,2021-11-29,Autumn,9.0,4.4,13.6,6.7,347.0,4.9,997.9
13588,Skopje,2021-11-30,Autumn,2.3,-1.2,5.2,14.5,300.0,10.9,1011.4
13588,Skopje,2021-12-01,Winter,0.4,-13.5,7.3,0.0,16.0,6.7,1017.5
13588,Skopje,2021-12-02,Winter,0.9,-1.7,8.8,0.0,25.0,7.5,1012.2
13588,Skopje,2021-12-03,Winter,7.1,-1.7,11.0,0.0,359.0,7.8,1008.1
13588,Skopje,2021-12-04,Winter,4.9,1.1,8.9,0.8,309.0,5.9,1012.3
13588,Skopje,2021-12-05,Winter,2.8,-1.7,6.4,0.0,2.0,6.7,1009.9
13588,Skopje,2021-12-06,Winter,6.4,4.3,9.7,0.0,310.0,7.3,1005.6
13588,Skopje,2021-12-07,Winter,3.2,2.5,4.2,2.8,269.0,11.1,1006.1
13588,Skopje,2021-12-08,Winter,4.3,0.6,8.7,1.0,297.0,6.6,1012.4
13588,Skopje,2021-12-09,Winter,2.7,-1.9,7.3,0.0,2.0,8.1,1010.5
13588,Skopje,2021-12-10,Winter,5.4,1.0,9.7,2.5,356.0,6.0,1006.9
13588,Skopje,2021-12-11,Winter,2.4,-1.6,3.4,6.9,299.0,7.3,1005.3
13588,Skopje,2021-12-12,Winter,2.9,1.0,3.8,16.0,271.0,5.8,1013.1
13588,Skopje,2021-12-13,Winter,2.4,0.9,4.0,1.0,280.0,7.4,1021.6
13588,Skopje,2021-12-14,Winter,3.5,2.5,4.2,0.0,284.0,11.7,1024.2
13588,Skopje,2021-12-15,Winter,2.7,0.8,4.7,0.0,269.0,6.4,1028.0
13588,Skopje,2021-12-16,Winter,3.9,0.9,6.0,0.0,283.0,7.3,1029.0
13588,Skopje,2021-12-17,Winter,5.7,0.9,10.9,0.0,272.0,10.5,1025.4
13588,Skopje,2021-12-18,Winter,2.8,-0.5,4.2,0.6,292.0,9.4,1025.9
13588,Skopje,2021-12-19,Winter,4.0,1.0,7.0,0.0,250.0,8.4,1021.6
13588,Skopje,2021-12-20,Winter,3.7,-3.4,10.6,0.0,279.0,7.8,1016.9
13588,Skopje,2021-12-21,Winter,1.1,-4.9,5.9,0.0,276.0,7.1,1025.4
13588,Skopje,2021-12-22,Winter,-1.7,-6.0,3.3,0.0,286.0,3.9,1028.7
13588,Skopje,2021-12-23,Winter,-2.1,-6.4,3.5,0.0,333.0,5.1,1028.0
13588,Skopje,2021-12-24,Winter,-1.9,-6.6,4.7,0.0,25.0,6.4,1021.2
13588,Skopje,2021-12-25,Winter,1.0,-4.0,8.0,0.0,26.0,7.2,1017.4
13588,Skopje,2021-12-26,Winter,3.3,-0.1,8.8,0.0,25.0,7.2,1014.6
13588,Skopje,2021-12-27,Winter,6.4,3.0,11.0,0.0,350.0,7.5,1012.2
13588,Skopje,2021-12-28,Winter,4.6,1.8,7.9,0.0,338.0,3.9,1011.6
13588,Skopje,2021-12-29,Winter,6.2,4.5,8.2,0.0,287.0,5.0,1010.0
13588,Skopje,2021-12-30,Winter,7.5,5.9,9.3,2.0,271.0,8.0,1018.0
13588,Skopje,2021-12-31,Winter,5.8,1.2,13.2,0.0,243.0,6.8,1025.2
13588,Skopje,2022-01-01,Winter,7.3,0.3,17.2,0.0,293.0,5.7,1023.4
13588,Skopje,2022-01-02,Winter,12.5,2.8,16.6,0.0,254.0,5.6,1026.2
13588,Skopje,2022-01-03,Winter,3.8,0.2,10.2,0.0,323.0,3.9,1020.3
13588,Skopje,2022-01-04,Winter,4.4,-0.5,12.6,0.0,348.0,5.7,1016.5
13588,Skopje,2022-01-05,Winter,3.2,-1.1,8.8,0.0,3.0,6.8,1011.9
13588,Skopje,2022-01-06,Winter,5.4,0.5,10.8,0.0,348.0,7.6,1012.0
13588,Skopje,2022-01-07,Winter,4.6,1.2,6.3,0.5,299.0,5.3,1019.3
13588,Skopje,2022-01-08,Winter,4.1,2.8,6.4,0.0,355.0,4.0,1014.0
13588,Skopje,2022-01-09,Winter,5.5,2.3,7.5,0.0,316.0,4.3,1005.0
13588,Skopje,2022-01-10,Winter,1.0,-0.1,4.5,5.8,282.0,6.8,1004.3
13588,Skopje,2022-01-11,Winter,1.4,-0.3,3.4,12.2,272.0,12.5,1015.8
13588,Skopje,2022-01-12,Winter,-0.1,-2.0,2.0,0.0,297.0,11.1,1028.5
13588,Skopje,2022-01-13,Winter,-2.6,-6.5,0.6,0.0,280.0,8.5,1036.6
13588,Skopje,2022-01-14,Winter,-1.9,-6.8,6.0,0.0,239.0,6.2,1029.2
13588,Skopje,2022-01-15,Winter,3.3,-2.2,8.9,0.0,274.0,7.1,1025.9
13588,Skopje,2022-01-16,Winter,0.7,-5.1,7.0,0.0,303.0,5.7,1028.5
13588,Skopje,2022-01-17,Winter,-0.5,-5.8,6.9,0.0,268.0,5.4,1024.5
13588,Skopje,2022-01-18,Winter,3.1,-1.9,6.9,0.0,311.0,8.8,1029.7
13588,Skopje,2022-01-19,Winter,0.8,-4.1,7.2,0.0,250.0,5.0,1032.9
13588,Skopje,2022-01-20,Winter,-2.2,-6.8,4.0,0.0,9.0,6.7,1024.4
13588,Skopje,2022-01-21,Winter,-0.5,-4.1,1.6,6.5,280.0,4.7,1021.2
13588,Skopje,2022-01-22,Winter,-2.6,-7.3,2.8,0.4,244.0,5.6,1022.4
13588,Skopje,2022-01-23,Winter,-1.7,-4.5,1.5,0.0,310.0,8.4,1026.5
13588,Skopje,2022-01-24,Winter,-3.4,-6.6,-1.0,0.3,323.0,8.0,1031.0
13588,Skopje,2022-01-25,Winter,-4.2,-8.3,1.4,0.0,249.0,6.3,1032.6
13588,Skopje,2022-01-26,Winter,0.0,-9.0,3.9,0.0,230.0,4.9,1028.3
13588,Skopje,2022-01-27,Winter,2.1,-0.6,6.6,0.0,245.0,4.1,1027.1
13588,Skopje,2022-01-28,Winter,1.4,-6.2,7.7,0.0,283.0,5.4,1024.0
13588,Skopje,2022-01-29,Winter,2.6,-3.9,5.2,0.0,289.0,7.3,1026.4
13588,Skopje,2022-01-30,Winter,1.1,-4.8,8.7,0.2,232.0,4.9,1020.9
13588,Skopje,2022-01-31,Winter,5.0,-0.7,9.9,0.0,309.0,6.6,1014.6
13588,Skopje,2022-02-01,Winter,0.9,-0.2,2.2,0.0,271.0,6.7,1006.6
13588,Skopje,2022-02-02,Winter,2.9,-2.4,7.4,4.6,274.0,6.6,1009.9
13588,Skopje,2022-02-03,Winter,3.9,-4.0,7.6,0.0,294.0,10.6,1019.7
13588,Skopje,2022-02-04,Winter,1.5,-2.8,7.8,0.0,314.0,6.0,1023.4
13588,Skopje,2022-02-05,Winter,0.7,-4.5,5.9,0.0,302.0,4.5,1021.7
13588,Skopje,2022-02-06,Winter,4.9,1.6,11.9,0.0,330.0,5.5,1023.9
13588,Skopje,2022-02-07,Winter,2.6,-1.7,9.2,0.0,354.0,9.1,1011.6
13588,Skopje,2022-02-08,Winter,3.2,0.1,5.6,1.5,285.0,13.2,1021.6
13588,Skopje,2022-02-09,Winter,6.4,2.2,13.5,1.5,236.0,7.6,1029.3
13588,Skopje,2022-02-10,Winter,6.1,-0.7,14.6,0.0,288.0,5.1,1028.8
13588,Skopje,2022-02-11,Winter,5.5,-1.5,15.3,0.0,295.0,4.2,1025.0
13588,Skopje,2022-02-12,Winter,5.3,0.1,11.5,0.0,286.0,7.7,1028.9
13588,Skopje,2022-02-13,Winter,5.3,3.5,8.7,0.0,355.0,4.7,1028.5
13588,Skopje,2022-02-14,Winter,5.8,2.5,12.2,0.5,29.0,5.9,1024.3
13588,Skopje,2022-02-15,Winter,4.4,0.9,10.5,0.0,18.0,7.2,1022.8
13588,Skopje,2022-02-16,Winter,7.9,3.3,13.4,0.0,1.0,7.0,1018.1
13588,Skopje,2022-02-17,Winter,7.4,3.0,15.6,0.0,344.0,6.2,1012.5
13588,Skopje,2022-02-18,Winter,9.3,1.8,15.5,0.0,273.0,6.6,1017.3
13588,Skopje,2022-02-19,Winter,8.3,-0.8,17.1,0.0,326.0,5.9,1019.5
13588,Skopje,2022-02-20,Winter,9.4,3.5,17.2,0.0,337.0,4.9,1018.1
13588,Skopje,2022-02-21,Winter,8.7,3.7,16.2,0.0,11.0,6.1,1011.3
13588,Skopje,2022-02-22,Winter,5.9,4.4,8.2,2.8,295.0,8.3,1008.4
13588,Skopje,2022-02-23,Winter,8.3,2.6,11.7,0.0,282.0,8.7,1021.4
13588,Skopje,2022-02-24,Winter,7.4,-2.0,12.7,0.0,294.0,8.8,1024.5
13588,Skopje,2022-02-25,Winter,3.1,-3.0,14.0,0.0,289.0,4.4,1020.1
13588,Skopje,2022-02-26,Winter,6.0,-0.7,14.4,0.0,122.0,5.6,1020.0
13588,Skopje,2022-02-27,Winter,3.7,1.0,5.4,5.8,231.0,6.2,1019.6
13588,Skopje,2022-02-28,Winter,3.1,1.5,5.6,9.7,293.0,7.7,1022.5
13588,Skopje,2022-03-01,Spring,1.6,0.2,3.8,0.0,245.0,5.6,1024.3
13588,Skopje,2022-03-02,Spring,3.1,0.8,7.0,0.0,296.0,8.0,1021.1
13588,Skopje,2022-03-03,Spring,4.3,-1.2,10.7,0.0,259.0,6.0,1017.1
13588,Skopje,2022-03-04,Spring,4.1,-2.1,10.5,0.0,280.0,3.5,1014.8
13588,Skopje,2022-03-05,Spring,3.5,0.1,6.5,0.0,228.0,5.2,1014.8
13588,Skopje,2022-03-06,Spring,1.2,0.0,3.0,17.2,13.0,3.4,1013.1
13588,Skopje,2022-03-07,Spring,2.3,1.0,4.8,0.0,300.0,4.9,1015.1
13588,Skopje,2022-03-08,Spring,0.9,-0.8,3.6,0.0,317.0,7.3,1017.4
13588,Skopje,2022-03-09,Spring,1.3,-1.9,6.2,0.0,307.0,10.4,1020.0
13588,Skopje,2022-03-10,Spring,1.0,-2.2,5.0,0.5,242.0,6.0,1022.7
13588,Skopje,2022-03-11,Spring,-0.2,-2.1,4.2,0.0,314.0,8.3,1027.8
13588,Skopje,2022-03-12,Spring,0.7,-2.6,7.1,0.0,293.0,7.8,1030.3
13588,Skopje,2022-03-13,Spring,0.9,-6.2,10.5,0.0,208.0,5.0,1029.4
13588,Skopje,2022-03-14,Spring,5.1,-2.7,12.4,0.0,203.0,5.4,1034.2
13588,Skopje,2022-03-15,Spring,3.6,-3.8,17.9,0.0,205.0,4.4,1034.4
13588,Skopje,2022-03-16,Spring,7.4,2.9,15.0,0.0,301.0,4.4,1025.2
13588,Skopje,2022-03-17,Spring,7.9,6.2,12.0,0.3,269.0,5.0,1027.3
13588,Skopje,2022-03-18,Spring,5.9,0.5,9.3,0.5,92.0,6.4,1035.4
13588,Skopje,2022-03-19,Spring,2.9,-3.4,11.2,0.0,99.0,6.5,1037.5
13588,Skopje,2022-03-20,Spring,3.4,-1.9,11.4,0.0,131.0,5.8,1038.0
13588,Skopje,2022-03-21,Spring,4.0,-2.5,10.5,0.0,301.0,8.5,1034.6
13588,Skopje,2022-03-22,Spring,9.2,1.0,15.5,0.0,297.0,10.7,1030.6
13588,Skopje,2022-03-23,Spring,10.6,6.0,17.4,0.0,304.0,8.5,1028.0
13588,Skopje,2022-03-24,Spring,12.2,2.7,20.9,0.0,278.0,8.9,1024.7
13588,Skopje,2022-03-25,Spring,13.3,6.1,21.2,0.0,295.0,11.9,1023.0
13588,Skopje,2022-03-26,Spring,12.2,5.4,21.6,0.0,243.0,5.6,1027.3
13588,Skopje,2022-03-27,Spring,12.3,2.3,22.8,0.0,245.5,5.25,1026.3
13588,Skopje,2022-03-28,Spring,11.7,5.1,17.9,0.0,248.0,4.9,1025.3
13588,Skopje,2022-03-29,Spring,12.5,5.5,20.5,0.0,121.0,4.0,1016.5
13588,Skopje,2022-03-30,Spring,11.8,3.5,18.9,0.0,34.0,6.2,1010.8
13588,Skopje,2022-03-31,Spring,12.9,10.6,16.3,0.3,68.0,10.0,1003.2
13588,Skopje,2022-04-01,Spring,14.7,10.6,20.4,7.9,47.0,7.7,998.7
13588,Skopje,2022-04-02,Spring,11.5,5.9,17.4,0.0,274.0,11.4,1003.0
13588,Skopje,2022-04-03,Spring,8.8,3.9,14.0,3.6,309.0,8.3,1010.4
13588,Skopje,2022-04-04,Spring,6.3,2.2,11.0,0.3,7.0,5.5,1019.7
13588,Skopje,2022-04-05,Spring,9.6,5.6,16.3,0.5,9.0,4.3,1014.1
13588,Skopje,2022-04-06,Spring,13.3,3.5,21.1,0.0,51.0,7.0,1012.7
13588,Skopje,2022-04-07,Spring,11.6,9.1,16.9,0.0,18.0,5.9,1004.0
13588,Skopje,2022-04-08,Spring,14.9,5.3,23.6,0.0,43.0,6.9,1008.3
13588,Skopje,2022-04-09,Spring,15.9,8.9,24.7,0.0,296.0,7.4,1006.3
13588,Skopje,2022-04-10,Spring,8.4,4.3,15.0,0.0,290.0,9.9,1008.3
13588,Skopje,2022-04-11,Spring,9.4,3.6,14.2,0.0,308.0,14.7,1019.8
13588,Skopje,2022-04-12,Spring,9.9,0.0,19.1,0.0,72.0,4.2,1021.8
13588,Skopje,2022-04-13,Spring,12.9,3.0,22.6,0.0,220.0,4.6,1019.2
13588,Skopje,2022-04-14,Spring,14.1,5.0,23.3,0.0,131.0,5.1,1020.8
13588,Skopje,2022-04-15,Spring,16.0,5.8,24.8,0.0,76.0,5.6,1019.6
13588,Skopje,2022-04-16,Spring,15.2,8.0,21.8,0.0,340.0,6.0,1014.7
13588,Skopje,2022-04-17,Spring,7.6,5.2,12.2,1.5,287.0,11.2,1014.2
13588,Skopje,2022-04-18,Spring,6.8,4.4,10.5,0.8,314.0,8.1,1012.0
13588,Skopje,2022-04-19,Spring,8.9,4.0,14.2,0.0,242.0,5.8,1012.9
13588,Skopje,2022-04-20,Spring,7.0,3.9,12.7,0.0,299.0,7.0,1014.1
13588,Skopje,2022-04-21,Spring,6.8,1.5,10.3,0.0,2.0,5.1,1017.1
13588,Skopje,2022-04-22,Spring,13.9,5.9,20.8,1.5,59.0,10.0,1009.6
13588,Skopje,2022-04-23,Spring,14.8,9.3,23.3,0.0,357.0,5.6,1008.4
13588,Skopje,2022-04-24,Spring,16.0,7.3,25.6,0.0,292.0,5.7,1010.1
13588,Skopje,2022-04-25,Spring,18.3,9.5,26.6,0.0,275.0,8.8,1009.1
13588,Skopje,2022-04-26,Spring,17.6,7.6,26.1,0.0,263.0,6.4,1012.7
13588,Skopje,2022-04-27,Spring,18.3,9.2,26.9,0.0,312.0,4.7,1014.0
13588,Skopje,2022-04-28,Spring,16.5,12.3,21.0,0.0,312.0,9.3,1017.4
13588,Skopje,2022-04-29,Spring,14.8,11.4,19.2,0.0,304.0,7.9,1020.6
13588,Skopje,2022-04-30,Spring,15.2,11.8,22.9,0.0,227.0,4.7,1018.6
13588,Skopje,2022-05-01,Spring,15.7,11.1,19.1,4.3,81.0,7.0,1017.4
13588,Skopje,2022-05-02,Spring,11.9,9.9,17.4,9.3,20.0,6.1,1014.2
13588,Skopje,2022-05-03,Spring,11.2,8.9,15.8,12.7,306.0,3.6,1014.3
13588,Skopje,2022-05-04,Spring,15.1,5.0,22.6,0.0,256.0,5.1,1017.5
13588,Skopje,2022-05-05,Spring,16.8,7.8,24.8,0.0,268.0,4.5,1019.9
13588,Skopje,2022-05-06,Spring,16.2,10.5,23.4,0.0,92.0,6.9,1020.1
13588,Skopje,2022-05-07,Spring,17.2,11.6,24.1,0.0,79.0,8.7,1018.9
13588,Skopje,2022-05-08,Spring,17.2,8.8,22.3,0.0,59.0,5.8,1019.3
13588,Skopje,2022-05-09,Spring,17.1,9.3,27.2,0.0,235.0,4.5,1019.7
13588,Skopje,2022-05-10,Spring,17.9,9.2,26.9,0.0,258.0,6.2,1019.3
13588,Skopje,2022-05-11,Spring,21.1,11.4,26.6,0.0,283.0,5.6,1019.5
13588,Skopje,2022-05-12,Spring,20.5,11.3,29.4,0.0,238.0,3.5,1020.1
13588,Skopje,2022-05-13,Spring,21.4,12.0,30.7,0.0,190.0,4.1,1017.0
13588,Skopje,2022-05-14,Spring,21.5,14.1,29.1,0.0,296.0,7.5,1015.7
13588,Skopje,2022-05-15,Spring,20.4,12.9,27.8,0.0,264.0,5.2,1017.9
13588,Skopje,2022-05-16,Spring,25.0,10.9,30.5,0.0,280.0,5.4,1018.4
13588,Skopje,2022-05-17,Spring,20.1,12.7,30.2,0.0,350.0,4.3,1015.9
13588,Skopje,2022-05-18,Spring,17.7,13.9,22.2,0.5,308.0,9.5,1017.7
13588,Skopje,2022-05-19,Spring,17.4,6.9,30.1,0.0,273.0,6.3,1026.8
13588,Skopje,2022-05-20,Spring,18.9,8.9,28.7,0.0,231.0,5.2,1025.2
13588,Skopje,2022-05-21,Spring,21.8,10.4,32.1,0.0,271.0,5.3,1017.2
13588,Skopje,2022-05-22,Spring,21.6,14.8,28.0,0.0,264.0,7.4,1011.9
13588,Skopje,2022-05-23,Spring,19.0,12.7,24.3,0.2,269.0,4.4,1010.9
13588,Skopje,2022-05-24,Spring,20.1,14.6,32.5,0.0,46.0,4.9,1010.6
13588,Skopje,2022-05-25,Spring,25.8,15.6,33.6,0.0,38.0,6.2,1014.3
13588,Skopje,2022-05-26,Spring,28.9,16.75,33.6,0.0,155.0,5.6,1015.95
13588,Skopje,2022-05-27,Spring,25.4,17.9,32.7,0.0,272.0,5.0,1017.6
13588,Skopje,2022-05-28,Spring,23.3,17.8,29.9,0.0,16.0,5.3,1010.8
13588,Skopje,2022-05-29,Spring,17.2,14.2,26.2,3.3,317.0,4.9,1007.7
13588,Skopje,2022-05-30,Spring,18.4,13.4,27.7,9.7,16.0,4.5,1011.1
13588,Skopje,2022-05-31,Spring,22.7,14.3,31.8,0.0,224.0,4.9,1015.1
13588,Skopje,2022-06-01,Summer,23.3,15.1,31.7,0.0,148.0,5.0,1015.1
13588,Skopje,2022-06-02,Summer,21.7,16.6,33.5,0.0,325.0,5.4,1015.8
13588,Skopje,2022-06-03,Summer,25.9,20.0,33.3,0.0,237.0,6.8,1018.0
13588,Skopje,2022-06-04,Summer,26.6,19.1,34.9,0.0,282.0,5.9,1017.4
13588,Skopje,2022-06-05,Summer,29.8,20.0,36.7,0.0,267.0,5.3,1015.2
13588,Skopje,2022-06-06,Summer,24.5,19.4,33.0,0.3,222.0,5.7,1013.4
13588,Skopje,2022-06-07,Summer,23.2,15.4,30.4,0.0,109.0,4.4,1012.3
13588,Skopje,2022-06-08,Summer,21.2,18.4,27.1,0.0,83.0,5.3,1009.5
13588,Skopje,2022-06-09,Summer,19.1,13.7,28.2,11.1,36.0,5.4,1007.0
13588,Skopje,2022-06-10,Summer,18.9,16.1,23.0,0.3,255.0,4.5,1007.0
13588,Skopje,2022-06-11,Summer,18.6,16.7,21.3,22.6,284.0,8.0,1010.7
13588,Skopje,2022-06-12,Summer,21.1,18.2,25.5,4.1,284.0,8.5,1013.7
13588,Skopje,2022-06-13,Summer,22.8,17.6,29.7,0.3,235.0,4.9,1014.1
13588,Skopje,2022-06-14,Summer,21.2,18.7,28.2,4.6,308.0,6.8,1016.1
13588,Skopje,2022-06-15,Summer,21.6,14.5,28.3,0.3,244.0,5.5,1019.3
13588,Skopje,2022-06-16,Summer,21.8,13.2,29.9,0.0,226.0,5.6,1018.4
13588,Skopje,2022-06-17,Summer,21.2,16.6,26.7,5.3,291.0,5.6,1017.6
13588,Skopje,2022-06-18,Summer,23.6,17.5,28.9,0.0,306.0,8.7,1018.2
13588,Skopje,2022-06-19,Summer,21.8,15.6,29.7,0.0,215.0,5.4,1018.0
13588,Skopje,2022-06-20,Summer,23.5,13.8,32.0,0.0,219.0,4.9,1013.3
13588,Skopje,2022-06-21,Summer,26.4,17.2,34.5,0.0,291.0,5.8,1010.8
13588,Skopje,2022-06-22,Summer,25.8,18.7,33.4,0.0,271.0,4.3,1011.3
13588,Skopje,2022-06-23,Summer,25.4,19.5,35.8,0.0,2.0,5.9,1011.4
13588,Skopje,2022-06-24,Summer,23.8,18.4,31.0,9.1,257.0,4.2,1013.4
13588,Skopje,2022-06-25,Summer,24.2,18.9,31.0,15.5,66.0,4.8,1013.0
13588,Skopje,2022-06-26,Summer,23.6,17.2,29.7,0.0,288.0,4.2,1015.1
13588,Skopje,2022-06-27,Summer,24.5,16.7,31.8,0.0,287.0,4.7,1016.7
13588,Skopje,2022-06-28,Summer,25.2,17.7,33.0,0.0,269.0,5.7,1016.0
13588,Skopje,2022-06-29,Summer,25.5,16.3,32.5,0.0,121.0,3.9,1014.6
13588,Skopje,2022-06-30,Summer,26.5,21.3,32.1,0.7,314.0,5.3,1013.1
13588,Skopje,2022-07-01,Summer,26.6,21.2,32.1,0.2,249.0,4.9,1014.1
13588,Skopje,2022-07-02,Summer,26.9,20.7,34.8,1.9,231.0,6.0,1016.1
13588,Skopje,2022-07-03,Summer,25.8,18.5,31.9,0.0,259.0,4.7,1016.6
13588,Skopje,2022-07-04,Summer,26.1,20.8,31.7,0.0,224.0,4.9,1015.1
13588,Skopje,2022-07-05,Summer,25.7,19.7,32.4,4.0,293.0,4.6,1014.4
13588,Skopje,2022-07-06,Summer,24.7,18.5,30.7,0.0,319.0,5.6,1014.2
13588,Skopje,2022-07-07,Summer,23.9,16.1,30.6,0.0,279.0,6.9,1015.0
13588,Skopje,2022-07-08,Summer,20.8,15.2,29.0,15.8,229.0,5.7,1013.3
13588,Skopje,2022-07-09,Summer,16.5,15.1,17.0,32.5,257.0,8.4,1015.3
13588,Skopje,2022-07-10,Summer,21.3,12.9,26.4,0.0,287.0,8.0,1014.0
13588,Skopje,2022-07-11,Summer,21.2,15.8,26.3,0.0,295.0,7.1,1017.2
13588,Skopje,2022-07-12,Summer,19.8,12.4,26.6,0.0,288.0,7.8,1020.4
13588,Skopje,2022-07-13,Summer,20.6,12.9,27.3,0.0,294.0,6.7,1020.5
13588,Skopje,2022-07-14,Summer,23.1,14.3,31.3,0.0,269.0,6.6,1018.8
13588,Skopje,2022-07-15,Summer,24.8,15.3,33.5,0.0,234.0,6.0,1014.4
13588,Skopje,2022-07-16,Summer,26.7,18.1,35.5,0.0,266.0,5.1,1015.5
13588,Skopje,2022-07-17,Summer,26.3,22.2,31.7,0.0,309.0,7.6,1019.2
13588,Skopje,2022-07-18,Summer,23.4,18.3,30.4,0.0,300.0,5.6,1021.3
13588,Skopje,2022-07-19,Summer,25.1,15.5,31.0,0.0,215.0,5.9,1019.9
13588,Skopje,2022-07-20,Summer,25.2,16.4,32.4,0.0,235.0,5.9,1019.2
13588,Skopje,2022-07-21,Summer,23.0,18.2,34.4,0.0,268.0,5.5,1016.2
13588,Skopje,2022-07-22,Summer,27.3,20.4,36.5,0.0,280.0,7.4,1015.3
13588,Skopje,2022-07-23,Summer,28.7,20.2,38.2,0.0,292.0,4.9,1015.5
13588,Skopje,2022-07-24,Summer,27.8,20.1,38.6,0.0,279.0,6.2,1014.5
13588,Skopje,2022-07-25,Summer,26.8,18.8,34.3,0.0,270.0,5.4,1013.7
13588,Skopje,2022-07-26,Summer,27.0,18.5,36.6,0.0,226.0,4.8,1010.1
13588,Skopje,2022-07-27,Summer,28.0,22.0,35.5,0.0,272.0,6.5,1010.3
13588,Skopje,2022-07-28,Summer,24.2,18.6,31.2,5.6,242.0,5.5,1012.8
13588,Skopje,2022-07-29,Summer,28.3,19.9,34.4,0.0,281.0,4.5,1013.7
13588,Skopje,2022-07-30,Summer,26.8,20.0,36.2,0.0,312.0,4.6,1011.7
13588,Skopje,2022-07-31,Summer,24.2,18.3,29.9,0.0,303.0,6.4,1012.5
13588,Skopje,2022-08-01,Summer,23.7,15.4,30.5,0.0,301.0,6.4,1013.5
13588,Skopje,2022-08-02,Summer,24.0,16.1,31.4,0.0,301.0,7.3,1014.0
13588,Skopje,2022-08-03,Summer,29.8,17.0,33.1,0.0,268.0,4.7,1014.8
13588,Skopje,2022-08-04,Summer,26.3,17.2,34.4,0.0,254.0,6.2,1015.1
13588,Skopje,2022-08-05,Summer,26.7,18.5,34.1,0.0,246.0,6.3,1013.7
13588,Skopje,2022-08-06,Summer,26.2,18.4,33.6,0.0,223.0,5.5,1011.4
13588,Skopje,2022-08-07,Summer,25.7,19.1,32.4,1.8,302.0,6.8,1012.1
13588,Skopje,2022-08-08,Summer,25.6,18.7,32.0,0.0,226.0,4.9,1014.4
13588,Skopje,2022-08-09,Summer,25.1,17.9,31.6,0.0,288.0,5.6,1015.3
13588,Skopje,2022-08-10,Summer,23.8,18.4,30.5,1.8,284.0,5.9,1016.2
13588,Skopje,2022-08-11,Summer,25.7,20.0,31.2,0.0,284.0,5.8,1015.3
13588,Skopje,2022-08-12,Summer,24.6,17.2,30.8,0.0,249.0,5.0,1014.4
13588,Skopje,2022-08-13,Summer,21.7,16.9,28.8,3.7,234.0,5.2,1011.4
13588,Skopje,2022-08-14,Summer,20.2,17.8,26.9,6.6,271.0,5.2,1008.9
13588,Skopje,2022-08-15,Summer,24.3,14.4,31.6,0.0,247.0,5.2,1009.0
13588,Skopje,2022-08-16,Summer,22.4,17.3,29.1,0.0,245.0,5.3,1011.6
13588,Skopje,2022-08-17,Summer,24.9,16.5,34.5,0.0,241.0,5.5,1012.3
13588,Skopje,2022-08-18,Summer,27.3,19.2,37.0,0.0,255.0,5.5,1012.4
13588,Skopje,2022-08-19,Summer,27.9,19.5,37.3,0.0,216.0,4.8,1010.6
13588,Skopje,2022-08-20,Summer,23.1,18.9,30.5,0.0,291.0,5.1,1009.2
13588,Skopje,2022-08-21,Summer,22.7,16.4,29.5,4.8,277.0,5.0,1008.1
13588,Skopje,2022-08-22,Summer,22.2,17.1,30.0,0.3,257.0,5.4,1008.0
13588,Skopje,2022-08-23,Summer,21.9,15.7,31.0,2.3,255.0,5.7,1010.4
13588,Skopje,2022-08-24,Summer,23.6,18.3,29.4,1.3,267.0,7.0,1012.8
13588,Skopje,2022-08-25,Summer,24.1,18.8,29.5,12.2,283.0,7.9,1012.1
13588,Skopje,2022-08-26,Summer,25.1,19.6,33.2,0.0,264.0,6.8,1010.3
13588,Skopje,2022-08-27,Summer,24.7,17.7,33.1,0.0,281.0,4.9,1011.3
13588,Skopje,2022-08-28,Summer,24.5,18.3,34.3,0.0,231.0,4.1,1013.5
13588,Skopje,2022-08-29,Summer,25.3,18.3,31.3,1.4,257.0,6.0,1015.2
13588,Skopje,2022-08-30,Summer,21.1,17.9,30.9,5.8,265.0,8.4,1016.2
13588,Skopje,2022-08-31,Summer,22.4,16.5,30.3,7.9,273.0,5.6,1014.2
13588,Skopje,2022-09-01,Autumn,21.9,17.7,31.0,0.0,281.0,4.9,1011.8
13588,Skopje,2022-09-02,Autumn,20.8,17.6,24.4,11.7,68.0,4.1,1012.6
13588,Skopje,2022-09-03,Autumn,20.4,17.0,26.9,0.0,273.0,3.9,1016.2
13588,Skopje,2022-09-04,Autumn,21.0,15.1,29.1,0.0,8.0,5.7,1019.0
13588,Skopje,2022-09-05,Autumn,21.3,16.9,27.8,6.6,295.0,5.8,1021.2
13588,Skopje,2022-09-06,Autumn,20.6,13.7,28.4,0.0,22.0,4.9,1020.4
13588,Skopje,2022-09-07,Autumn,20.0,13.5,29.5,0.0,31.0,5.0,1018.9
13588,Skopje,2022-09-08,Autumn,22.3,15.3,29.9,0.0,63.0,6.1,1017.5
13588,Skopje,2022-09-09,Autumn,21.3,16.7,25.4,1.1,352.0,5.6,1016.4
13588,Skopje,2022-09-10,Autumn,23.2,18.0,31.5,0.5,349.0,6.0,1013.1
13588,Skopje,2022-09-11,Autumn,20.0,14.4,28.3,0.5,258.0,6.2,1012.8
13588,Skopje,2022-09-12,Autumn,17.6,13.8,24.0,1.0,302.0,7.2,1014.1
13588,Skopje,2022-09-13,Autumn,17.4,10.5,25.5,0.0,293.0,7.1,1014.7
13588,Skopje,2022-09-14,Autumn,18.8,10.0,29.2,0.0,339.0,4.8,1015.2
13588,Skopje,2022-09-15,Autumn,21.6,13.3,31.0,0.0,14.0,6.1,1012.8
13588,Skopje,2022-09-16,Autumn,22.4,17.8,27.5,0.0,343.0,6.1,1009.3
13588,Skopje,2022-09-17,Autumn,17.8,16.4,21.2,0.8,24.0,6.0,1004.1
13588,Skopje,2022-09-18,Autumn,15.2,11.3,19.1,7.4,328.0,7.1,1011.7
13588,Skopje,2022-09-19,Autumn,12.6,6.0,23.0,0.0,349.0,6.2,1015.4
13588,Skopje,2022-09-20,Autumn,14.6,9.0,20.3,0.0,268.0,4.3,1017.3
13588,Skopje,2022-09-21,Autumn,13.2,9.8,19.1,0.0,311.0,7.5,1018.4
13588,Skopje,2022-09-22,Autumn,12.4,8.8,19.6,0.0,296.0,6.0,1019.5
13588,Skopje,2022-09-23,Autumn,12.6,5.6,20.3,0.0,292.0,4.7,1019.9
13588,Skopje,2022-09-24,Autumn,12.3,4.3,22.6,0.0,341.0,5.9,1020.8
13588,Skopje,2022-09-25,Autumn,15.4,7.3,22.7,0.0,321.0,5.8,1018.4
13588,Skopje,2022-09-26,Autumn,14.7,11.5,18.4,0.0,9.0,7.0,1012.8
13588,Skopje,2022-09-27,Autumn,18.2,15.1,25.3,17.8,342.0,5.8,1004.0
13588,Skopje,2022-09-28,Autumn,15.5,10.1,24.6,0.0,302.0,5.4,1005.4
13588,Skopje,2022-09-29,Autumn,18.6,13.1,22.5,0.0,3.0,4.9,1007.6
13588,Skopje,2022-09-30,Autumn,18.6,13.3,27.2,0.3,342.0,5.3,1014.7
13588,Skopje,2022-10-01,Autumn,16.8,13.9,21.4,0.0,5.0,6.2,1017.8
13588,Skopje,2022-10-02,Autumn,18.3,13.5,24.1,8.9,294.0,6.9,1017.2
13588,Skopje,2022-10-03,Autumn,12.8,8.8,18.0,0.0,313.0,5.7,1017.0
13588,Skopje,2022-10-04,Autumn,13.6,7.1,19.0,0.0,287.0,6.4,1022.2
13588,Skopje,2022-10-05,Autumn,11.8,6.6,20.4,0.0,241.0,5.8,1028.3
13588,Skopje,2022-10-06,Autumn,13.9,6.5,22.0,0.0,252.0,4.4,1027.9
13588,Skopje,2022-10-07,Autumn,14.3,9.9,24.9,0.0,255.0,5.5,1025.3
13588,Skopje,2022-10-08,Autumn,16.1,8.0,24.1,0.0,325.0,4.2,1021.3
13588,Skopje,2022-10-09,Autumn,15.6,8.4,26.1,0.0,299.0,4.4,1020.6
13588,Skopje,2022-10-10,Autumn,16.3,10.8,21.4,0.0,296.0,5.3,1023.2
13588,Skopje,2022-10-11,Autumn,14.6,13.7,15.8,1.0,3.0,4.4,1021.6
13588,Skopje,2022-10-12,Autumn,15.7,13.0,19.1,1.5,241.0,3.4,1022.4
13588,Skopje,2022-10-13,Autumn,14.6,13.7,16.5,1.0,48.0,3.8,1021.5
13588,Skopje,2022-10-14,Autumn,12.4,10.5,14.6,21.6,69.0,8.3,1017.5
13588,Skopje,2022-10-15,Autumn,12.6,7.2,20.2,1.5,237.0,5.4,1019.1
13588,Skopje,2022-10-16,Autumn,13.2,6.0,20.7,0.0,231.0,4.0,1024.3
13588,Skopje,2022-10-17,Autumn,13.4,6.4,20.9,0.0,266.0,3.7,1030.4
13588,Skopje,2022-10-18,Autumn,11.9,4.9,20.5,0.0,320.0,3.8,1028.5
13588,Skopje,2022-10-19,Autumn,12.1,3.9,21.2,0.0,295.0,4.2,1021.0
13588,Skopje,2022-10-20,Autumn,14.4,6.8,21.8,0.0,294.0,5.1,1023.4
13588,Skopje,2022-10-21,Autumn,10.7,4.1,19.6,0.0,340.0,5.1,1025.9
13588,Skopje,2022-10-22,Autumn,12.4,5.6,19.0,0.0,358.0,5.8,1024.8
13588,Skopje,2022-10-23,Autumn,14.2,7.3,23.6,0.0,252.0,4.3,1023.8
13588,Skopje,2022-10-24,Autumn,16.8,8.5,24.5,0.0,331.0,5.2,1022.8
13588,Skopje,2022-10-25,Autumn,15.5,7.9,25.1,0.0,263.0,4.4,1020.1
13588,Skopje,2022-10-26,Autumn,16.2,9.0,25.1,0.0,252.0,5.4,1021.9
13588,Skopje,2022-10-27,Autumn,16.3,9.2,25.2,0.0,257.0,5.9,1026.9
13588,Skopje,2022-10-28,Autumn,12.9,6.7,20.3,0.0,241.0,5.1,1028.6
13588,Skopje,2022-10-29,Autumn,12.6,6.2,21.0,0.0,270.0,4.9,1026.3
13588,Skopje,2022-10-30,Autumn,13.4,6.3,23.1,0.0,264.0,5.9,1022.8
13588,Skopje,2022-10-31,Autumn,15.7,8.6,24.1,0.0,272.0,6.9,1022.1
13588,Skopje,2022-11-01,Autumn,14.6,8.4,24.0,0.0,247.0,4.2,1023.7
13588,Skopje,2022-11-02,Autumn,13.2,8.6,24.4,0.0,293.0,3.5,1022.3
13588,Skopje,2022-11-03,Autumn,11.4,8.2,20.0,0.0,243.0,5.0,1020.9
13588,Skopje,2022-11-04,Autumn,13.5,9.0,19.0,0.0,20.0,8.0,1014.6
13588,Skopje,2022-11-05,Autumn,12.3,10.8,18.6,0.0,50.0,6.7,1010.1
13588,Skopje,2022-11-06,Autumn,12.6,9.9,13.1,10.9,152.0,3.7,1013.0
13588,Skopje,2022-11-07,Autumn,10.9,8.7,15.0,0.8,315.0,4.0,1019.8
13588,Skopje,2022-11-08,Autumn,10.4,7.9,17.9,0.0,272.0,3.8,1022.2
13588,Skopje,2022-11-09,Autumn,9.5,6.0,15.0,0.0,312.0,4.9,1023.5
13588,Skopje,2022-11-10,Autumn,11.2,7.9,15.7,0.0,303.0,4.8,1025.7
13588,Skopje,2022-11-11,Autumn,10.1,6.8,16.8,0.0,292.0,6.7,1030.7
13588,Skopje,2022-11-12,Autumn,10.9,5.9,16.1,2.5,207.0,5.6,1030.4
13588,Skopje,2022-11-13,Autumn,9.9,6.4,13.2,0.0,348.0,5.2,1030.0
13588,Skopje,2022-11-14,Autumn,9.4,4.0,16.7,0.0,327.0,3.9,1025.9
13588,Skopje,2022-11-15,Autumn,8.6,4.9,11.7,0.0,1.0,5.0,1020.1
13588,Skopje,2022-11-16,Autumn,11.2,4.7,14.2,2.4,13.0,6.2,1010.6
13588,Skopje,2022-11-17,Autumn,13.1,9.6,18.1,0.0,355.0,6.4,1004.3
13588,Skopje,2022-11-18,Autumn,9.7,6.9,12.6,0.0,341.0,5.5,1004.2
13588,Skopje,2022-11-19,Autumn,11.2,7.5,18.6,2.3,19.0,5.7,1008.8
13588,Skopje,2022-11-20,Autumn,13.4,10.6,16.8,2.8,19.0,6.6,1007.9
13588,Skopje,2022-11-21,Autumn,8.2,5.1,10.9,10.9,341.0,7.7,1007.5
13588,Skopje,2022-11-22,Autumn,4.2,2.1,6.3,0.0,19.0,6.9,1009.5
13588,Skopje,2022-11-23,Autumn,8.3,4.1,13.4,10.4,336.0,5.7,1003.8
13588,Skopje,2022-11-24,Autumn,7.4,3.9,11.8,0.0,266.0,4.7,1011.3
13588,Skopje,2022-11-25,Autumn,8.2,-0.3,14.1,0.0,259.0,6.2,1020.2
13588,Skopje,2022-11-26,Autumn,5.0,0.2,12.0,0.0,268.0,5.1,1025.7
13588,Skopje,2022-11-27,Autumn,4.6,2.9,6.5,0.0,264.0,4.2,1027.1
13588,Skopje,2022-11-28,Autumn,4.5,1.6,8.4,0.0,253.0,3.2,1022.0
13588,Skopje,2022-11-29,Autumn,2.7,-0.4,9.0,0.0,329.0,4.6,1019.4
13588,Skopje,2022-11-30,Autumn,5.2,2.9,6.2,6.7,291.0,3.4,1017.8
13588,Skopje,2022-12-01,Winter,5.8,5.1,7.2,6.6,274.0,5.3,1017.5
13588,Skopje,2022-12-02,Winter,5.8,4.6,8.8,2.0,10.0,3.7,1022.5
13588,Skopje,2022-12-03,Winter,7.5,2.0,10.1,0.0,9.0,5.7,1025.7
13588,Skopje,2022-12-04,Winter,7.4,4.7,9.1,0.0,21.0,5.0,1025.5
13588,Skopje,2022-12-05,Winter,8.9,6.4,11.3,0.0,29.0,5.7,1025.7
13588,Skopje,2022-12-06,Winter,6.8,5.2,9.5,0.0,27.0,6.3,1021.2
13588,Skopje,2022-12-07,Winter,6.4,4.8,9.3,0.0,16.0,6.6,1016.2
13588,Skopje,2022-12-08,Winter,6.9,4.8,9.9,0.0,11.0,6.8,1015.7
13588,Skopje,2022-12-09,Winter,8.1,5.7,10.3,0.0,33.0,7.6,1014.8
13588,Skopje,2022-12-10,Winter,10.7,8.0,13.8,10.6,43.0,6.1,1005.7
13588,Skopje,2022-12-11,Winter,9.6,5.2,12.6,6.8,23.0,5.4,998.3
13588,Skopje,2022-12-12,Winter,5.2,2.2,9.2,2.6,12.0,5.7,1007.0
13588,Skopje,2022-12-13,Winter,1.8,-0.6,4.8,0.0,327.0,3.9,1014.1
13588,Skopje,2022-12-14,Winter,3.3,0.5,5.3,6.1,29.0,7.7,1012.4
13588,Skopje,2022-12-15,Winter,6.0,4.0,7.9,1.4,16.0,5.9,1012.3
13588,Skopje,2022-12-16,Winter,9.5,7.3,12.6,0.0,24.0,8.4,1014.8
13588,Skopje,2022-12-17,Winter,10.5,9.1,13.2,1.0,15.0,6.4,1017.4
13588,Skopje,2022-12-18,Winter,6.4,1.2,9.7,0.0,299.0,5.5,1030.8
13588,Skopje,2022-12-19,Winter,2.0,-1.5,5.9,0.0,313.0,3.7,1037.2
13588,Skopje,2022-12-20,Winter,0.5,-2.1,4.5,0.0,7.0,5.5,1034.0
13588,Skopje,2022-12-21,Winter,-0.6,-2.8,2.9,0.0,336.0,4.8,1026.1
13588,Skopje,2022-12-22,Winter,1.9,-1.6,5.4,0.0,288.0,2.5,1020.3
13588,Skopje,2022-12-23,Winter,3.4,-1.2,6.8,0.0,17.0,2.9,1018.2
13588,Skopje,2022-12-24,Winter,4.5,0.7,8.1,0.0,283.0,4.1,1019.0
13588,Skopje,2022-12-25,Winter,5.9,0.8,12.3,0.0,267.0,4.1,1025.4
13588,Skopje,2022-12-26,Winter,4.7,2.8,7.0,0.0,353.0,4.4,1028.5
13588,Skopje,2022-12-27,Winter,4.5,2.1,8.8,0.0,305.0,4.4,1027.1
13588,Skopje,2022-12-28,Winter,6.4,3.5,10.4,0.0,321.0,4.3,1028.7
13588,Skopje,2022-12-29,Winter,6.1,0.8,12.4,0.0,334.0,5.9,1028.2
13588,Skopje,2022-12-30,Winter,3.1,0.1,8.4,0.0,344.0,4.4,1028.6
13588,Skopje,2022-12-31,Winter,1.9,0.3,5.9,0.0,10.0,2.7,1032.4
13588,Skopje,2023-01-01,Winter,1.9,0.9,2.9,0.0,15.0,2.7,1034.6
13588,Skopje,2023-01-02,Winter,0.9,-0.4,2.2,0.0,354.0,3.0,1033.2
13588,Skopje,2023-01-03,Winter,1.2,-0.2,2.9,0.0,289.0,2.8,1030.0
13588,Skopje,2023-01-04,Winter,3.1,-1.0,13.2,0.0,275.0,4.2,1029.6
13588,Skopje,2023-01-05,Winter,5.7,-0.5,10.4,0.0,338.0,5.1,1025.1
13588,Skopje,2023-01-06,Winter,6.4,0.2,13.8,0.0,279.0,6.1,1025.3
13588,Skopje,2023-01-07,Winter,6.8,0.6,11.4,0.0,332.0,3.9,1025.9
13588,Skopje,2023-01-08,Winter,3.6,-0.8,10.2,0.0,343.0,5.4,1023.3
13588,Skopje,2023-01-09,Winter,3.2,-1.7,7.1,0.0,7.0,8.1,1017.6
13588,Skopje,2023-01-10,Winter,6.7,4.6,12.7,7.6,330.0,7.9,1007.9
13588,Skopje,2023-01-11,Winter,2.8,0.6,7.0,1.0,263.0,7.9,1016.9
13588,Skopje,2023-01-12,Winter,3.9,-0.4,8.3,0.0,263.0,6.8,1021.8
13588,Skopje,2023-01-13,Winter,6.7,0.8,10.6,0.0,226.0,5.6,1021.8
13588,Skopje,2023-01-14,Winter,3.9,-0.4,5.9,0.0,297.0,4.9,1022.1
13588,Skopje,2023-01-15,Winter,4.8,1.0,8.5,0.0,348.0,5.5,1021.4
13588,Skopje,2023-01-16,Winter,4.7,-1.1,5.9,0.0,359.0,6.4,1012.2
13588,Skopje,2023-01-17,Winter,8.2,4.2,12.6,4.3,313.0,6.6,1003.0
13588,Skopje,2023-01-18,Winter,12.6,6.8,18.7,0.0,143.0,9.1,1002.8
13588,Skopje,2023-01-19,Winter,12.5,8.4,16.5,9.0,96.0,12.5,1004.7
13588,Skopje,2023-01-20,Winter,7.4,3.7,12.2,1.0,91.0,8.5,1005.4
13588,Skopje,2023-01-21,Winter,4.3,2.9,7.0,0.5,264.0,8.4,1010.5
13588,Skopje,2023-01-22,Winter,5.8,1.4,12.8,0.0,261.0,5.9,1019.0
13588,Skopje,2023-01-23,Winter,8.3,4.9,10.7,0.0,139.0,7.8,1021.6
13588,Skopje,2023-01-24,Winter,6.3,4.5,8.8,0.5,254.0,7.5,1027.1
13588,Skopje,2023-01-25,Winter,4.7,4.0,5.8,0.3,49.0,4.0,1026.2
13588,Skopje,2023-01-26,Winter,3.3,2.2,4.5,0.0,94.0,8.9,1015.9
13588,Skopje,2023-01-27,Winter,1.9,0.9,4.8,0.0,280.0,9.0,1010.2
13588,Skopje,2023-01-28,Winter,2.9,0.9,5.6,0.0,270.0,7.0,1016.7
13588,Skopje,2023-01-29,Winter,2.5,-0.2,3.7,0.0,299.0,8.7,1022.9
13588,Skopje,2023-01-30,Winter,1.5,-2.0,3.4,0.0,106.0,5.6,1019.6
13588,Skopje,2023-01-31,Winter,3.1,-1.2,6.6,0.1,292.0,11.8,1018.3
13588,Skopje,2023-02-01,Winter,7.8,-3.7,11.6,0.0,259.0,7.3,1021.5
13588,Skopje,2023-02-02,Winter,4.9,-1.4,11.5,0.1,1.0,7.1,1020.3
13588,Skopje,2023-02-03,Winter,4.4,-1.0,8.6,3.1,296.0,9.9,1024.1
13588,Skopje,2023-02-04,Winter,2.8,0.2,7.5,0.9,314.0,11.2,1017.7
13588,Skopje,2023-02-05,Winter,-1.6,-3.4,0.4,0.0,310.0,19.1,1026.3
13588,Skopje,2023-02-06,Winter,-2.3,-4.7,0.1,0.0,320.0,16.5,1030.9
13588,Skopje,2023-02-07,Winter,-2.1,-4.7,1.5,0.0,290.0,12.5,1035.6
13588,Skopje,2023-02-08,Winter,-2.3,-7.0,2.7,0.0,254.0,6.0,1039.0
13588,Skopje,2023-02-09,Winter,-2.6,-8.4,3.7,0.0,281.0,6.3,1039.1
13588,Skopje,2023-02-10,Winter,-1.1,-7.6,6.2,0.0,248.0,5.1,1037.3
13588,Skopje,2023-02-11,Winter,0.9,-5.9,9.4,0.0,262.0,6.5,1035.1
13588,Skopje,2023-02-12,Winter,1.5,-4.5,6.1,0.0,311.0,8.5,1032.6
13588,Skopje,2023-02-13,Winter,3.0,-0.3,11.4,0.0,295.0,6.0,1037.1
13588,Skopje,2023-02-14,Winter,3.8,-2.7,9.7,0.0,300.0,12.3,1032.8
13588,Skopje,2023-02-15,Winter,5.2,0.8,12.1,0.0,316.0,7.4,1032.5
13588,Skopje,2023-02-16,Winter,4.1,-3.6,13.9,0.0,232.0,6.0,1031.2
13588,Skopje,2023-02-17,Winter,5.3,-2.0,15.0,0.0,255.0,5.3,1028.9
13588,Skopje,2023-02-18,Winter,6.5,-1.3,15.2,0.0,246.0,5.7,1026.0
13588,Skopje,2023-02-19,Winter,9.6,0.1,18.4,0.0,200.0,6.0,1021.2
13588,Skopje,2023-02-20,Winter,10.7,4.4,17.2,0.0,287.0,11.6,1024.6
13588,Skopje,2023-02-21,Winter,8.5,-0.2,19.1,0.0,230.0,6.0,1020.5
13588,Skopje,2023-02-22,Winter,10.4,1.5,21.3,0.0,218.0,6.6,1016.2
13588,Skopje,2023-02-23,Winter,9.4,2.1,17.8,0.0,195.0,5.1,1015.7
13588,Skopje,2023-02-24,Winter,10.3,4.1,18.1,0.0,177.0,7.7,1014.6
13588,Skopje,2023-02-25,Winter,11.6,6.6,16.2,0.0,104.0,5.4,1008.1
13588,Skopje,2023-02-26,Winter,14.4,10.3,18.8,0.0,118.0,16.7,1003.0
13588,Skopje,2023-02-27,Winter,8.1,4.8,13.9,3.6,307.0,13.2,1015.3
13588,Skopje,2023-02-28,Winter,8.2,4.7,12.8,0.5,51.0,6.0,1022.3
13588,Skopje,2023-03-01,Spring,8.1,6.2,10.1,0.0,78.0,4.5,1019.9
13588,Skopje,2023-03-02,Spring,9.7,6.8,11.4,3.2,38.0,5.7,1017.8
13588,Skopje,2023-03-03,Spring,8.4,6.4,11.5,2.9,39.0,4.7,1016.5
13588,Skopje,2023-03-04,Spring,7.2,6.2,9.0,0.5,38.0,2.7,1016.0
13588,Skopje,2023-03-05,Spring,7.7,6.1,11.6,3.0,285.0,6.9,1011.9
13588,Skopje,2023-03-06,Spring,4.7,-0.8,12.4,0.0,301.0,6.1,1012.4
13588,Skopje,2023-03-07,Spring,9.5,2.3,18.1,0.0,156.0,6.2,1009.0
13588,Skopje,2023-03-08,Spring,8.2,1.6,15.9,0.0,301.0,5.7,1011.3
13588,Skopje,2023-03-09,Spring,9.2,2.2,21.0,0.0,16.0,7.9,1010.1
13588,Skopje,2023-03-10,Spring,10.5,7.4,13.6,0.0,255.0,5.7,1005.4
13588,Skopje,2023-03-11,Spring,9.5,4.4,15.0,2.2,299.0,7.1,1000.6
13588,Skopje,2023-03-12,Spring,6.4,3.2,11.1,0.0,319.0,11.2,1014.5
13588,Skopje,2023-03-13,Spring,6.0,-2.1,14.7,0.0,282.0,7.0,1022.1
13588,Skopje,2023-03-14,Spring,8.1,-0.5,17.3,0.0,115.0,6.0,1014.2
13588,Skopje,2023-03-15,Spring,6.4,4.3,9.3,3.0,325.0,11.1,1005.9
13588,Skopje,2023-03-16,Spring,5.1,3.7,7.5,4.1,302.0,16.5,1015.9
13588,Skopje,2023-03-17,Spring,6.1,2.3,11.3,0.0,311.0,13.7,1022.2
13588,Skopje,2023-03-18,Spring,6.8,-0.9,15.4,0.0,99.0,7.1,1021.3
13588,Skopje,2023-03-19,Spring,8.6,-0.6,18.0,0.0,246.0,6.1,1022.1
13588,Skopje,2023-03-20,Spring,10.8,1.7,19.8,0.0,241.0,4.8,1018.8
13588,Skopje,2023-03-21,Spring,10.8,6.7,16.6,0.0,224.0,5.2,1014.3
13588,Skopje,2023-03-22,Spring,12.0,8.4,18.3,13.0,258.0,6.9,1014.5
13588,Skopje,2023-03-23,Spring,11.8,4.0,20.4,0.0,153.0,6.3,1016.6
13588,Skopje,2023-03-24,Spring,12.8,4.4,23.0,0.0,8.0,6.0,1016.0
13588,Skopje,2023-03-25,Spring,14.0,6.0,22.3,0.0,342.0,7.4,1011.2
13588,Skopje,2023-03-26,Spring,15.3,10.2,21.1,0.0,346.0,8.350000000000001,1007.05
13588,Skopje,2023-03-27,Spring,9.7,6.6,14.4,0.0,350.0,9.3,1002.9
13588,Skopje,2023-03-28,Spring,5.4,2.4,9.2,3.0,315.0,24.9,1015.9
13588,Skopje,2023-03-29,Spring,7.3,1.9,14.0,0.0,311.0,16.1,1025.2
13588,Skopje,2023-03-30,Spring,10.2,0.2,18.8,0.0,127.0,6.9,1022.6
13588,Skopje,2023-03-31,Spring,14.1,5.0,22.3,0.0,83.0,5.7,1014.2
13588,Skopje,2023-04-01,Spring,13.9,8.0,20.2,0.0,159.0,10.9,1004.9
13588,Skopje,2023-04-02,Spring,12.4,5.7,19.8,0.5,350.0,5.7,1008.9
13588,Skopje,2023-04-03,Spring,8.7,3.7,13.6,0.0,253.0,11.6,1007.5
13588,Skopje,2023-04-04,Spring,4.3,2.2,7.4,15.0,317.0,28.8,1008.5
13588,Skopje,2023-04-05,Spring,4.7,1.7,8.9,0.0,289.0,12.5,1016.1
13588,Skopje,2023-04-06,Spring,4.9,1.8,9.9,0.0,288.0,10.5,1015.9
13588,Skopje,2023-04-07,Spring,6.9,-1.2,15.3,0.0,266.0,7.5,1016.9
13588,Skopje,2023-04-08,Spring,9.3,1.7,16.9,0.0,145.0,8.4,1018.0
13588,Skopje,2023-04-09,Spring,8.3,6.1,11.1,3.3,73.0,5.0,1019.2
13588,Skopje,2023-04-10,Spring,9.6,6.7,14.8,11.7,304.0,8.7,1017.1
13588,Skopje,2023-04-11,Spring,10.8,7.9,14.5,0.0,286.0,14.9,1013.8
13588,Skopje,2023-04-12,Spring,11.8,6.6,17.7,0.0,298.0,13.5,1009.0
13588,Skopje,2023-04-13,Spring,12.9,2.9,22.0,0.0,89.0,6.8,1008.7
13588,Skopje,2023-04-14,Spring,12.2,7.3,19.2,0.0,239.0,11.0,1006.7
13588,Skopje,2023-04-15,Spring,12.0,4.7,18.5,1.0,25.0,8.0,1010.7
13588,Skopje,2023-04-16,Spring,12.2,8.4,16.1,0.3,259.0,6.3,1010.2
13588,Skopje,2023-04-17,Spring,11.6,9.1,18.5,6.1,161.0,6.9,1009.1
13588,Skopje,2023-04-18,Spring,12.1,8.2,18.2,0.0,29.0,5.8,1011.5
13588,Skopje,2023-04-19,Spring,12.1,9.4,18.3,2.8,309.0,8.4,1012.8
13588,Skopje,2023-04-20,Spring,13.4,7.7,18.9,0.0,301.0,8.7,1013.3
13588,Skopje,2023-04-21,Spring,14.1,6.8,21.1,0.0,265.0,8.1,1012.6
13588,Skopje,2023-04-22,Spring,14.4,8.4,22.0,0.0,259.0,8.6,1013.6
13588,Skopje,2023-04-23,Spring,14.8,6.2,22.3,0.0,69.0,6.7,1014.8
13588,Skopje,2023-04-24,Spring,13.8,7.6,20.6,0.0,111.0,6.5,1012.1
13588,Skopje,2023-04-25,Spring,14.1,10.1,21.4,0.8,15.0,6.3,1007.5
13588,Skopje,2023-04-26,Spring,9.2,7.9,12.5,5.1,281.0,10.4,1010.5
13588,Skopje,2023-04-27,Spring,11.1,6.5,17.0,13.2,304.0,13.1,1017.4
13588,Skopje,2023-04-28,Spring,12.3,4.1,19.3,0.0,298.0,9.8,1020.3
13588,Skopje,2023-04-29,Spring,12.3,6.8,17.9,0.0,348.0,5.6,1016.1
13588,Skopje,2023-04-30,Spring,15.9,8.8,21.9,0.0,239.0,7.8,1014.0
13588,Skopje,2023-05-01,Spring,13.6,6.6,19.5,0.0,125.0,8.7,1016.9
13588,Skopje,2023-05-02,Spring,17.2,9.6,20.8,0.0,89.0,12.3,1018.3
13588,Skopje,2023-05-03,Spring,14.0,12.4,17.5,0.0,69.0,9.5,1018.3
13588,Skopje,2023-05-04,Spring,14.2,12.1,18.9,9.6,324.0,4.7,1018.2
13588,Skopje,2023-05-05,Spring,16.3,10.5,21.4,0.0,280.0,10.0,1018.5
13588,Skopje,2023-05-06,Spring,16.7,9.7,24.2,0.0,230.0,6.7,1016.3
13588,Skopje,2023-05-07,Spring,18.4,8.7,27.0,0.0,45.0,5.7,1016.7
13588,Skopje,2023-05-08,Spring,17.6,12.5,25.6,0.9,278.0,7.7,1017.3
13588,Skopje,2023-05-09,Spring,13.9,12.3,17.1,5.6,293.0,9.4,1018.6
13588,Skopje,2023-05-10,Spring,12.6,10.8,15.2,1.0,86.0,9.9,1017.4
13588,Skopje,2023-05-11,Spring,12.3,10.5,14.7,1.5,88.0,7.2,1017.3
13588,Skopje,2023-05-12,Spring,14.8,10.8,20.1,0.8,83.0,6.5,1017.5
13588,Skopje,2023-05-13,Spring,16.2,12.1,21.8,1.8,96.0,6.5,1020.2
13588,Skopje,2023-05-14,Spring,13.9,11.2,18.1,6.5,68.0,12.7,1018.7
13588,Skopje,2023-05-15,Spring,13.8,10.4,19.4,3.2,31.0,8.4,1013.5
13588,Skopje,2023-05-16,Spring,16.8,11.7,19.2,2.9,43.0,7.9,1009.0
13588,Skopje,2023-05-17,Spring,17.5,11.5,24.4,0.0,249.0,7.4,1008.6
13588,Skopje,2023-05-18,Spring,14.8,13.3,18.5,1.5,292.0,14.4,1014.1
13588,Skopje,2023-05-19,Spring,17.4,12.6,24.7,0.0,272.0,7.8,1018.2
13588,Skopje,2023-05-20,Spring,17.2,10.3,26.6,0.0,182.0,7.2,1015.9
13588,Skopje,2023-05-21,Spring,17.7,12.0,23.1,1.5,282.0,5.3,1012.0
13588,Skopje,2023-05-22,Spring,16.8,13.4,23.2,0.0,278.0,8.4,1012.2
13588,Skopje,2023-05-23,Spring,18.4,11.3,25.5,2.3,302.0,8.4,1012.9
13588,Skopje,2023-05-24,Spring,19.2,11.7,26.6,0.0,291.0,6.3,1013.4
13588,Skopje,2023-05-25,Spring,19.1,15.0,26.1,0.0,287.0,9.0,1015.7
13588,Skopje,2023-05-26,Spring,17.6,13.2,25.4,1.3,303.0,8.6,1015.7
13588,Skopje,2023-05-27,Spring,18.5,12.6,25.2,0.0,278.0,9.6,1014.9
13588,Skopje,2023-05-28,Spring,19.3,15.3,24.2,0.0,261.0,10.5,1012.7
13588,Skopje,2023-05-29,Spring,19.4,12.8,25.6,12.4,302.0,6.3,1012.2
13588,Skopje,2023-05-30,Spring,19.0,13.4,26.8,2.0,328.0,5.4,1013.9
13588,Skopje,2023-05-31,Spring,18.4,14.6,23.8,9.1,353.0,3.8,1016.5
13588,Skopje,2023-06-01,Summer,18.2,14.8,25.6,1.8,27.0,4.2,1015.5
13588,Skopje,2023-06-02,Summer,20.9,14.1,27.9,0.0,105.0,6.5,1011.9
13588,Skopje,2023-06-03,Summer,17.1,14.6,22.7,0.0,266.0,6.4,1014.3
13588,Skopje,2023-06-04,Summer,17.9,13.5,21.9,0.3,229.0,5.4,1018.3
13588,Skopje,2023-06-05,Summer,19.2,15.5,23.6,0.5,3.0,5.4,1018.6
13588,Skopje,2023-06-06,Summer,25.5,16.0,27.4,0.0,356.0,6.8,1016.5
13588,Skopje,2023-06-07,Summer,21.6,15.6,26.1,0.3,330.0,6.0,1015.5
13588,Skopje,2023-06-08,Summer,20.8,15.0,28.8,0.0,291.0,5.9,1013.3
13588,Skopje,2023-06-09,Summer,21.5,13.8,30.5,0.0,313.0,8.1,1011.5
13588,Skopje,2023-06-10,Summer,21.4,14.9,28.8,0.0,303.0,7.2,1009.8
13588,Skopje,2023-06-11,Summer,20.9,16.7,28.3,0.0,249.0,8.1,1009.1
13588,Skopje,2023-06-12,Summer,19.0,15.9,24.9,0.5,356.0,4.9,1009.7
13588,Skopje,2023-06-13,Summer,19.7,16.1,24.3,5.1,323.0,6.3,1010.4
13588,Skopje,2023-06-14,Summer,20.1,16.2,26.4,0.0,38.0,4.1,1012.0
13588,Skopje,2023-06-15,Summer,19.1,16.9,24.0,3.8,16.0,4.3,1011.8
13588,Skopje,2023-06-16,Summer,18.2,15.7,24.3,2.0,315.0,6.2,1008.1
13588,Skopje,2023-06-17,Summer,17.5,15.7,19.5,1.8,300.0,15.9,1010.4
13588,Skopje,2023-06-18,Summer,19.3,14.3,25.1,0.0,296.0,12.2,1014.4
13588,Skopje,2023-06-19,Summer,21.4,13.3,28.7,0.0,276.0,12.6,1016.4
13588,Skopje,2023-06-20,Summer,23.2,14.4,31.5,0.0,303.0,7.0,1016.6
13588,Skopje,2023-06-21,Summer,25.5,17.2,33.3,0.0,281.0,6.6,1016.5
13588,Skopje,2023-06-22,Summer,27.1,19.0,34.3,0.0,263.0,6.8,1017.6
13588,Skopje,2023-06-23,Summer,27.6,18.7,34.0,0.0,18.0,4.8,1015.5
13588,Skopje,2023-06-24,Summer,24.4,20.1,29.7,0.0,265.0,7.4,1014.2
13588,Skopje,2023-06-25,Summer,23.8,17.9,30.1,0.0,283.0,9.8,1013.3
13588,Skopje,2023-06-26,Summer,23.8,18.9,29.3,0.5,293.0,12.5,1012.6
13588,Skopje,2023-06-27,Summer,24.1,16.8,31.5,0.0,262.0,9.3,1012.9
13588,Skopje,2023-06-28,Summer,20.7,15.6,28.9,0.0,277.0,12.5,1013.1
13588,Skopje,2023-06-29,Summer,18.9,13.4,26.7,1.8,269.0,8.4,1016.7
13588,Skopje,2023-06-30,Summer,22.4,12.6,30.3,0.0,71.0,6.8,1014.0
13588,Skopje,2023-07-01,Summer,21.2,15.9,31.1,0.0,213.0,5.7,1010.1
13588,Skopje,2023-07-02,Summer,21.9,17.2,27.9,12.2,313.0,5.4,1008.8
13588,Skopje,2023-07-03,Summer,23.9,17.5,30.8,0.0,277.0,10.1,1012.3
13588,Skopje,2023-07-04,Summer,25.0,17.2,33.1,0.0,244.0,7.4,1013.0
13588,Skopje,2023-07-05,Summer,22.7,18.5,29.1,4.6,236.0,8.4,1013.3
13588,Skopje,2023-07-06,Summer,24.0,16.7,32.2,0.5,272.0,8.1,1013.2
13588,Skopje,2023-07-07,Summer,24.6,18.8,31.5,0.0,285.0,13.5,1015.6
13588,Skopje,2023-07-08,Summer,23.1,16.8,29.2,1.5,298.0,14.4,1019.0
13588,Skopje,2023-07-09,Summer,23.8,15.2,30.9,0.0,298.0,11.8,1019.7
13588,Skopje,2023-07-10,Summer,23.8,16.2,30.9,0.0,283.0,10.1,1020.0
13588,Skopje,2023-07-11,Summer,24.7,15.8,33.9,0.0,265.0,7.5,1018.7
13588,Skopje,2023-07-12,Summer,27.4,17.9,37.7,0.0,255.0,5.9,1016.7
13588,Skopje,2023-07-13,Summer,27.6,18.7,37.7,0.0,234.0,6.4,1015.5
13588,Skopje,2023-07-14,Summer,28.5,20.4,37.0,0.0,258.0,8.0,1014.2
13588,Skopje,2023-07-15,Summer,29.3,21.6,37.2,0.0,270.0,8.1,1014.7
13588,Skopje,2023-07-16,Summer,30.2,22.5,38.0,0.0,244.0,6.8,1014.5
13588,Skopje,2023-07-17,Summer,30.6,22.9,38.8,0.0,299.0,7.4,1015.3
13588,Skopje,2023-07-18,Summer,29.5,22.2,36.9,0.0,304.0,10.9,1015.2
13588,Skopje,2023-07-19,Summer,29.3,21.6,38.4,0.0,294.0,8.7,1012.4
13588,Skopje,2023-07-20,Summer,28.2,20.9,36.8,0.0,270.0,8.2,1008.9
13588,Skopje,2023-07-21,Summer,29.4,21.1,39.4,0.0,218.0,7.4,1010.7
13588,Skopje,2023-07-22,Summer,30.3,21.0,40.3,0.0,220.0,9.0,1012.1
13588,Skopje,2023-07-23,Summer,27.4,20.9,37.1,0.0,36.0,8.5,1014.9
13588,Skopje,2023-07-24,Summer,26.8,17.8,36.6,1.3,37.0,6.0,1014.5
13588,Skopje,2023-07-25,Summer,29.2,20.0,39.6,0.0,275.0,4.7,1007.7
13588,Skopje,2023-07-26,Summer,28.2,21.5,37.3,0.0,242.0,13.4,1002.9
13588,Skopje,2023-07-27,Summer,20.7,16.2,27.3,0.0,316.0,16.0,1012.6
13588,Skopje,2023-07-28,Summer,22.8,12.3,32.7,0.0,2.0,6.8,1014.6
13588,Skopje,2023-07-29,Summer,26.3,16.3,35.4,0.0,261.0,6.2,1011.7
13588,Skopje,2023-07-30,Summer,28.2,19.5,36.4,0.0,317.0,8.0,1009.8
13588,Skopje,2023-07-31,Summer,25.8,20.9,32.1,0.0,307.0,12.3,1010.9
13588,Skopje,2023-08-01,Summer,25.8,17.3,33.9,0.0,309.0,8.0,1008.7
